batch,openalex_id,title,authors,year,venue,type,cited_by_count,doi,url_landing,url_pdf,uses_sdv,integration,evidence,sdv_component,use_case,industry,kind,summary,code_url,confidence,needs,source_url
1,W3202428668,Deep Neural Networks and Tabular Data: A Survey,Vadim Borisov; Tobias Leemann; Kathrin Seßler; Johannes Haug; Martin Pawelczyk; Gjergji Kasneci,2022,IEEE Transactions on Neural Networks and Learning Systems,article,940,10.1109/tnnls.2022.3229161,https://doi.org/10.1109/tnnls.2022.3229161,,,,,,,,,,,,,
1,W2979417040,A Survey on Data Collection for Machine Learning: A Big Data - AI Integration Perspective,Yuji Roh; Geon Heo; Steven Euijong Whang,2019,IEEE Transactions on Knowledge and Data Engineering,article,893,10.1109/tkde.2019.2946162,https://doi.org/10.1109/tkde.2019.2946162,,,,,,,,,,,,,
1,W4232929704,Artificial Intelligence in Society,OECD,2019,,book,460,10.1787/eedfee77-en,https://doi.org/10.1787/eedfee77-en,,,,,,,,,,,,,
1,W4402892487,A Comprehensive Review on Generative AI for Education,Uday Mittal; Siva Sai; Vinay Chamola; Devika,2024,IEEE Access,article,305,10.1109/access.2024.3468368,https://doi.org/10.1109/access.2024.3468368,,,,,,,,,,,,,
1,W4308467154,Human-centric artificial intelligence architecture for industry 5.0 applications,Jože M. Rožanec; Inna Novalija; Patrik Zajec; Klemen Kenda; Hooman Tavakoli Ghinani; Sungho Suh; Sizhen Bian; Entso Veliou; Dimitrios Papamartzivanos; Thanassis Giannetsos; Sofia Anna Menesidou; Rubén Alonso; et al.,2022,International Journal of Production Research,article,290,10.1080/00207543.2022.2138611,https://doi.org/10.1080/00207543.2022.2138611,,,,,,,,,,,,,
1,W3103102495,Generating high-fidelity synthetic patient data for assessing machine learning healthcare software,Allan Tucker; Zhenchen Wang; Ylenia Rotalinti; Puja Myles,2020,npj Digital Medicine,article,233,10.1038/s41746-020-00353-9,https://doi.org/10.1038/s41746-020-00353-9,https://www.nature.com/articles/s41746-020-00353-9.pdf,,,,,,,,,,,,
1,W4402230126,A Systematic Review of Synthetic Data Generation Techniques Using Generative AI,Mandeep Goyal; Qusay H. Mahmoud,2024,Electronics,review,216,10.3390/electronics13173509,https://doi.org/10.3390/electronics13173509,https://www.mdpi.com/2079-9292/13/17/3509/pdf?version=1725441340,,,,,,,,,,,,
1,W3107668265,SynSigGAN: Generative Adversarial Networks for Synthetic Biomedical Signal Generation,Debapriya Hazra; Yung-Cheol Byun,2020,Biology,article,179,10.3390/biology9120441,https://doi.org/10.3390/biology9120441,https://www.mdpi.com/2079-7737/9/12/441/pdf?version=1607152338,,,,,,,,,,,,
1,W3204818612,Generating synthetic data in finance,Samuel Assefa; Danial Dervovic; Mahmoud Mahfouz; Robert E. Tillman; Prashant Reddy; Manuela Veloso,2020,,conference-paper,177,10.1145/3383455.3422554,https://doi.org/10.1145/3383455.3422554,,,,,,,,,,,,,
1,W3015471667,Generation and evaluation of privacy preserving synthetic health data,Andrew Yale; Saloni Dash; Ritik Dutta; Isabelle Guyon; Adrien Pavão; Kristin P. Bennett,2020,Neurocomputing,article,172,10.1016/j.neucom.2019.12.136,https://doi.org/10.1016/j.neucom.2019.12.136,,,,,,,,,,,,,
1,W2971587923,Application Research of Improved YOLO V3 Algorithm in PCB Electronic Component Detection,Jing Li; Jinan Gu; Zedong Huang; Wen Wei Jia,2019,Applied Sciences,article,162,10.3390/app9183750,https://doi.org/10.3390/app9183750,https://www.mdpi.com/2076-3417/9/18/3750/pdf?version=1567933287,,,,,,,,,,,,
1,W3213631637,Hyperspectral image classification on insufficient-sample and feature learning using deep neural networks: A review,Naftaly Wambugu; Yiping Chen; Zhenlong Xiao; Kun Tan; Mingqiang Wei; Xiaoxue Liu; Jonathan Li,2021,International Journal of Applied Earth Observation and Geoinformation,article,147,10.1016/j.jag.2021.102603,https://doi.org/10.1016/j.jag.2021.102603,https://www.sciencedirect.com/science/article/pii/S030324342100310X/pdf,,,,,,,,,,,,
1,W2946227116,Data analytics in a privacy-concerned world,Jaap E. Wieringa; P.K. Kannan; Xiao Ma; Thomas Reutterer; Hans Risselada; Bernd Skiera,2019,Journal of Business Research,article,146,10.1016/j.jbusres.2019.05.005,https://doi.org/10.1016/j.jbusres.2019.05.005,,,,,,,,,,,,,
1,W2996889063,Analyzing Medical Research Results Based on Synthetic Data and Their Relation to Real Data Results: Systematic Comparison From Five Observational Studies,Anat Reiner‐Benaim; Ronit Almog; Yuri Gorelik; Irit Hochberg; Laila Nassar; Tanya Mashiach; Mogher Khamaisi; Yael Lurie; Zaher S. Azzam; Johad Khoury; Daniel Kurnik; Rafael Beyar,2019,JMIR Medical Informatics,article,146,10.2196/16492,https://doi.org/10.2196/16492,https://medinform.jmir.org/2020/2/e16492/PDF,,,,,,,,,,,,
1,W4383823329,Tabular and latent space synthetic data generation: a literature review,João Fonseca; Fernando Bação,2023,Journal Of Big Data,article,119,10.1186/s40537-023-00792-7,https://doi.org/10.1186/s40537-023-00792-7,https://journalofbigdata.springeropen.com/counter/pdf/10.1186/s40537-023-00792-7,,,,,,,,,,,,
1,W3135544356,Fake It Till You Make It: Guidelines for Effective Synthetic Data Generation,Fida K. Dankar; Mahmoud Ibrahim,2021,Applied Sciences,article,118,10.3390/app11052158,https://doi.org/10.3390/app11052158,https://www.mdpi.com/2076-3417/11/5/2158/pdf?version=1615024950,,,,,,,,,,,,
1,W3085720755,Wild blueberry yield prediction using a combination of computer simulation and machine learning algorithms,Efrem Yohannes Obsie; Hongchun Qu; Francis A. Drummond,2020,Computers and Electronics in Agriculture,article,108,10.1016/j.compag.2020.105778,https://doi.org/10.1016/j.compag.2020.105778,,,,,,,,,,,,,
1,W4400725913,Anonymization: The imperfect science of using data while preserving privacy,Andrea Gadotti; Luc Rocher; Florimond Houssiau; Ana-Maria Creţu; Yves-Alexandre de Montjoye,2024,Science Advances,article,96,10.1126/sciadv.adn7053,https://doi.org/10.1126/sciadv.adn7053,,,,,,,,,,,,,
1,W2968117339,On the Utility of Synthetic Data,Markus Hittmeir; Andreas Ekelhart; Rudolf Mayer,2019,,conference-paper,91,10.1145/3339252.3339281,https://doi.org/10.1145/3339252.3339281,,,,,,,,,,,,,
1,W4318475704,Review and analysis of synthetic dataset generation methods and techniques for application in computer vision,Goran Paulin; Marina Ivašić-Kos,2023,Artificial Intelligence Review,article,91,10.1007/s10462-022-10358-3,https://doi.org/10.1007/s10462-022-10358-3,,,,,,,,,,,,,
1,W4205103167,A Multi-Dimensional Evaluation of Synthetic Data Generators,Fida K. Dankar; Mahmoud Ibrahim; Leila Ismail,2022,IEEE Access,article,87,10.1109/access.2022.3144765,https://doi.org/10.1109/access.2022.3144765,https://ieeexplore.ieee.org/ielx7/6287639/9668973/09686689.pdf,,,,,,,,,,,,
1,W4323841407,"Patient-centric synthetic data generation, no reason to risk re-identification in biomedical data analysis",Morgan Guillaudeux; Olivia Rousseau; Julien Petot; Zineb Bennis; Charles-Axel Dein; Thomas Goronflot; Nicolas Vince; Sophie Limou; Matilde Karakachoff; Matthieu Wargny; Pierre‐Antoine Gourraud,2023,npj Digital Medicine,article,78,10.1038/s41746-023-00771-5,https://doi.org/10.1038/s41746-023-00771-5,https://www.nature.com/articles/s41746-023-00771-5.pdf,,,,,,,,,,,,
1,W4402747641,Fairness and Bias in Algorithmic Hiring: A Multidisciplinary Survey,Alessandro Fabris; Nina Baranowska; Matthew Dennis; David Graus; Philipp Hacker; Jorge Saldivar; Frederik Zuiderveen Borgesius; Asia J. Biega,2024,ACM Transactions on Intelligent Systems and Technology,article,77,10.1145/3696457,https://doi.org/10.1145/3696457,,,,,,,,,,,,,
1,W3098476760,Challenges of Machine Learning Applied to Safety-Critical Cyber-Physical Systems,Ana Pereira; Carsten Thomas,2020,Machine Learning and Knowledge Extraction,article,75,10.3390/make2040031,https://doi.org/10.3390/make2040031,https://www.mdpi.com/2504-4990/2/4/31/pdf?version=1605777140,,,,,,,,,,,,
1,W4403204293,Synthetic data in biomedicine via generative artificial intelligence,Boris van Breugel; Tennison Liu; Dino Oglić; Mihaela van der Schaar,2024,Nature Reviews Bioengineering,article,72,10.1038/s44222-024-00245-7,https://doi.org/10.1038/s44222-024-00245-7,,,,,,,,,,,,,
1,W3039775522,A novel approach to create synthetic biomedical signals using BiRNN,Andres Hernandez-Matamoros; Hamido Fujita; Hector Perez‐Meana,2020,Information Sciences,article,70,10.1016/j.ins.2020.06.019,https://doi.org/10.1016/j.ins.2020.06.019,,,,,,,,,,,,,
1,W4280503843,Data anonymization evaluation for big data and IoT environment,Chunchun Ni; Li Shan Cang; Prosanta Gope; Geyong Min,2022,Information Sciences,article,67,10.1016/j.ins.2022.05.040,https://doi.org/10.1016/j.ins.2022.05.040,,,,,,,,,,,,,
1,W3120071807,Generating and evaluating cross‐sectional synthetic electronic healthcare data: Preserving data utility and patient privacy,Zhenchen Wang; Puja Myles; Allan Tucker,2021,Computational Intelligence,article,66,10.1111/coin.12427,https://doi.org/10.1111/coin.12427,https://onlinelibrary.wiley.com/doi/pdfdirect/10.1111/coin.12427,,,,,,,,,,,,
1,W2989980356,Enhancing discrete-event simulation with big data analytics: A review,Andrew Greasley; John S. Edwards,2019,Journal of the Operational Research Society,article,65,10.1080/01605682.2019.1678406,https://doi.org/10.1080/01605682.2019.1678406,,,,,,,,,,,,,
1,W4285392997,GAN-Based Approaches for Generating Structured Data in the Medical Domain,Masoud Abedi; Lars Hempel; Sina Sadeghi; Toralf Kirsten,2022,Applied Sciences,article,65,10.3390/app12147075,https://doi.org/10.3390/app12147075,https://www.mdpi.com/2076-3417/12/14/7075/pdf?version=1657773882,,,,,,,,,,,,
1,W4297796148,Synthetic Data Generation: A Comparative Study,Markus Endres; Asha Mannarapotta Venugopal; Tung S Tran,2022,,conference-paper,50,10.1145/3548785.3548793,https://doi.org/10.1145/3548785.3548793,,,,,,,,,,,,,
1,W3082181878,Relational data synthesis using generative adversarial networks,Ju Fan; Junyou Chen; Tongyu Liu; Yuwei Shen; Guoliang Li; Xiaoyong Du,2020,Proceedings of the VLDB Endowment,article,48,10.14778/3407790.3407802,https://doi.org/10.14778/3407790.3407802,,,,,,,,,,,,,
1,W2980111207,Synthesizing credit card transactions,Erik Altman,2021,,conference-paper,38,10.1145/3490354.3494378,https://doi.org/10.1145/3490354.3494378,,,,,,,,,,,,,
1,W4312846665,A Universal Metric for Robust Evaluation of Synthetic Tabular Data,Vikram S Chundawat; Ayush K Tarun; Murari Mandal; Mukund Lahoti; Pratik Narang,2022,IEEE Transactions on Artificial Intelligence,article,38,10.1109/tai.2022.3229289,https://doi.org/10.1109/tai.2022.3229289,,,,,,,,,,,,,
1,W4226095929,A Data-Driven Framework for Inter-Frequency Handover Failure Prediction and Mitigation,Marvin Manalastas; Muhammad Umar Bin Farooq; Syed Muhammad Asad Zaidi; Adnan Abu‐Dayya; Ali Imran,2022,IEEE Transactions on Vehicular Technology,article,36,10.1109/tvt.2022.3157802,https://doi.org/10.1109/tvt.2022.3157802,,,,,,,,,,,,,
1,W4400447122,Challenges of Using Synthetic Data Generation Methods for Tabular Microdata,Marko Miletic; Murat Sariyar,2024,Applied Sciences,article,36,10.3390/app14145975,https://doi.org/10.3390/app14145975,,,,,,,,,,,,,
1,W4385070828,Generative Models for Synthetic Urban Mobility Data: A Systematic Literature Review,Alexandra Kapp; Julia Hansmeyer; Helena Mihaljević,2023,ACM Computing Surveys,review,35,10.1145/3610224,https://doi.org/10.1145/3610224,https://dl.acm.org/doi/pdf/10.1145/3610224,,,,,,,,,,,,
1,W4388994349,FinDiff: Diffusion Models for Financial Tabular Data Generation,Timur Sattarov; Marco Schreyer; Damian Borth,2023,,conference-paper,35,10.1145/3604237.3626876,https://doi.org/10.1145/3604237.3626876,https://dl.acm.org/doi/pdf/10.1145/3604237.3626876,,,,,,,,,,,,
1,W3193567663,Copula-based synthetic data augmentation for machine-learning emulators,David Meyer; Thomas Nagler; Robin J. Hogan,2021,Geoscientific model development,article,34,10.5194/gmd-14-5205-2021,https://doi.org/10.5194/gmd-14-5205-2021,,,,,,,,,,,,,
1,W4392484237,Scaling While Privacy Preserving: A Comprehensive Synthetic Tabular Data Generation and Evaluation in Learning Analytics,Qinyi Liu; Mohammad Khalil; Jelena Jovanović; Ronas Shakya,2024,,conference-paper,33,10.1145/3636555.3636921,https://doi.org/10.1145/3636555.3636921,https://dl.acm.org/doi/pdf/10.1145/3636555.3636921,,,,,,,,,,,,
1,W4396675632,30 Years of Synthetic Data,Jörg Drechsler; Anna‐Carolina Haensch,2024,Statistical Science,article,33,10.1214/24-sts927,https://doi.org/10.1214/24-sts927,https://projecteuclid.org/journals/statistical-science/volume-39/issue-2/30-Years-of-Synthetic-Data/10.1214/24-STS927.pdf,,,,,,,,,,,,
1,W4394627576,Uncertainty Quantification for Traffic Forecasting Using Deep-Ensemble-Based Spatiotemporal Graph Neural Networks,Tanwi Mallick; Jane Macfarlane; Prasanna Balaprakash,2024,IEEE Transactions on Intelligent Transportation Systems,article,32,10.1109/tits.2024.3381099,https://doi.org/10.1109/tits.2024.3381099,,,,,,,,,,,,,
1,W4361303853,Survey on Privacy-Preserving Techniques for Microdata Publication,Tânia Carvalho; Nuno Moniz; Pedro Faria; Luís Antunes,2023,ACM Computing Surveys,article,31,10.1145/3588765,https://doi.org/10.1145/3588765,https://dl.acm.org/doi/pdf/10.1145/3588765,,,,,,,,,,,,
1,W4366374042,"A Comparative Analysis of GAN and VAE based Synthetic Data Generators for High Dimensional, Imbalanced Tabular data",Ajmeera Kiran; Shubham Kumar,2023,,conference-paper,31,10.1109/inocon57975.2023.10101315,https://doi.org/10.1109/inocon57975.2023.10101315,,,,,,,,,,,,,
1,W4406746504,Advances in deep neural network-based hyperspectral image classification and feature learning with limited samples: a survey,Farhan Ullah; Irfan Ullah; Khalil Khan; Salabat Khan; Farhan Amin,2025,Applied Intelligence,article,29,10.1007/s10489-024-06139-w,https://doi.org/10.1007/s10489-024-06139-w,,,,,,,,,,,,,
1,W4385838579,Tabular data synthesis with generative adversarial networks: design space and optimizations,Tongyu Liu; Ju Fan; Guoliang Li; Nan Tang; Xiaoyong Du,2023,The VLDB Journal,article,28,10.1007/s00778-023-00807-y,https://doi.org/10.1007/s00778-023-00807-y,,,,,,,,,,,,,
1,W4386001503,Non-imaging Medical Data Synthesis for Trustworthy AI: A Comprehensive Survey,Xiaodan Xing; Huanjun Wu; Lichao Wang; Iain Stenson; May Yong; Javier Del Ser; Simon Walsh; Guang Yang,2023,ACM Computing Surveys,article,27,10.1145/3614425,https://doi.org/10.1145/3614425,https://dl.acm.org/doi/pdf/10.1145/3614425,,,,,,,,,,,,
1,W4409746746,"Comprehensive evaluation framework for synthetic tabular data in health: fidelity, utility and privacy analysis of generative models with and without privacy guarantees",Mikel Hernandez; Pablo A. Osorio-Marulanda; Mikel Catalina; Lorea Loinaz; Gorka Epelde; Naiara Aginako,2025,Frontiers in Digital Health,article,27,10.3389/fdgth.2025.1576290,https://doi.org/10.3389/fdgth.2025.1576290,https://www.frontiersin.org/journals/digital-health/articles/10.3389/fdgth.2025.1576290/pdf,,,,,,,,,,,,
1,W4386028577,Searching for Optimal Oversampling to Process Imbalanced Data: Generative Adversarial Networks and Synthetic Minority Over-Sampling Technique,Gayeong Eom; Haewon Byeon,2023,Mathematics,article,26,10.3390/math11163605,https://doi.org/10.3390/math11163605,https://www.mdpi.com/2227-7390/11/16/3605/pdf?version=1692672852,,,,,,,,,,,,
1,W4390872225,A Methodology and an Empirical Analysis to Determine the Most Suitable Synthetic Data Generator,Ajmeera Kiran; Shubham Kumar,2024,IEEE Access,article,26,10.1109/access.2024.3354277,https://doi.org/10.1109/access.2024.3354277,https://ieeexplore.ieee.org/ielx7/6287639/6514899/10400420.pdf,,,,,,,,,,,,
2,W4393131103,An evaluation of the replicability of analyses using synthetic health data,Khaled El Emam; Lucy Mosquera; Xi Fang; Alaa El‐Hussuna,2024,Scientific Reports,article,25,10.1038/s41598-024-57207-7,https://doi.org/10.1038/s41598-024-57207-7,https://www.nature.com/articles/s41598-024-57207-7.pdf,,,,,,,,,,,,
2,W4388848645,Addressing the data bottleneck in medical deep learning models using a human-in-the-loop machine learning approach,Eduardo Mosqueira-Rey; Elena Hernández-Pereira; José Bobes-Bascarán; David Alonso-Ríos; Alberto Pérez-Sánchez; Ángel Fernández-Leal; Vicente Moret‐Bonillo; Yolanda Vidal-Ínsua; Francisca Vázquez-Rivera,2023,Neural Computing and Applications,article,24,10.1007/s00521-023-09197-2,https://doi.org/10.1007/s00521-023-09197-2,https://link.springer.com/content/pdf/10.1007/s00521-023-09197-2.pdf,,,,,,,,,,,,
2,W4396914046,Synthetic Tabular Data Validation: A Divergence-Based Approach,Patricia A. Apellániz; Ana Jiménez; Borja Arroyo Galende; Juan Parras; Santiago Zazo,2024,IEEE Access,article,23,10.1109/access.2024.3434582,https://doi.org/10.1109/access.2024.3434582,,,,,,,,,,,,,
2,W4404940746,Evaluating Artificial Intelligence Models for Resource Allocation in Circular Economy Digital Marketplace,A. K. Sheikh; Steve Simske; Edwin K. P. Chong,2024,Sustainability,article,21,10.3390/su162310601,https://doi.org/10.3390/su162310601,https://www.mdpi.com/2071-1050/16/23/10601/pdf?version=1733234484,,,,,,,,,,,,
2,W4411282933,Synthetic data: revisiting the privacy-utility trade-off,Fatima Jahan Sarmin; Atiquer Rahman Sarkar; Yang Wang; Noman Mohammed,2025,International Journal of Information Security,article,21,10.1007/s10207-025-01072-6,https://doi.org/10.1007/s10207-025-01072-6,,,,,,,,,,,,,
2,W4415383695,Digital twins in healthcare: a review of AI-powered practical applications across health domains,Ziad Elgammal; M. Taleb Albrijawi; Reda Alhajj,2025,Journal Of Big Data,article,21,10.1186/s40537-025-01280-w,https://doi.org/10.1186/s40537-025-01280-w,https://journalofbigdata.springeropen.com/counter/pdf/10.1186/s40537-025-01280-w,,,,,,,,,,,,
2,W4361285594,Nonparametric Generation of Synthetic Data Using Copulas,Juan Pablo Restrepo; Juan Carlos Rivera; Henry Laniado; Pablo Osorio; Omar A. Becerra,2023,Electronics,article,20,10.3390/electronics12071601,https://doi.org/10.3390/electronics12071601,https://www.mdpi.com/2079-9292/12/7/1601/pdf?version=1680507998,,,,,,,,,,,,
2,W4399805425,Exploring Data Augmentation and Active Learning Benefits in Imbalanced Datasets,Luis Moles; Alain Andrés; Goretti Echegaray; Fernando Boto,2024,Mathematics,article,20,10.3390/math12121898,https://doi.org/10.3390/math12121898,https://www.mdpi.com/2227-7390/12/12/1898/pdf?version=1718789353,,,,,,,,,,,,
2,W4405834123,"Data Security in Autonomous Driving: Multifaceted Challenges of Technology, Law, and Social Ethics",Yao Xu; Jixin Wei; Ting Mi; Zhihua Chen,2024,World Electric Vehicle Journal,article,17,10.3390/wevj16010006,https://doi.org/10.3390/wevj16010006,https://www.mdpi.com/2032-6653/16/1/6/pdf?version=1735293894,,,,,,,,,,,,
2,W4408759044,Machine learning methods for predicting residual strength in corroded oil and gas steel pipes,Q. Wang; Hongfang Lü,2025,npj Materials Degradation,article,17,10.1038/s41529-025-00573-y,https://doi.org/10.1038/s41529-025-00573-y,https://www.nature.com/articles/s41529-025-00573-y.pdf,,,,,,,,,,,,
2,W4404310651,Machine learning for precision diagnostics of autoimmunity,Jan Kruta; Raphaël Carapito; Marten Trendelenburg; Thierry Martin; Marta Rizzi; Reinhard Voll; Andrea Cavalli; Eriberto Noel Natali; Patrick Meier; Marc Stawiski; Johannes Mosbacher; Annette Mollet; et al.,2024,Scientific Reports,article,16,10.1038/s41598-024-76093-7,https://doi.org/10.1038/s41598-024-76093-7,https://www.nature.com/articles/s41598-024-76093-7.pdf,,,,,,,,,,,,
2,W4402936659,Predicting endpoint parameters of electric arc furnace–based steelmaking using artificial neural network,Mohammad Niyayesh; Yılmaz Uygun,2024,The International Journal of Advanced Manufacturing Technology,article,14,10.1007/s00170-024-14502-x,https://doi.org/10.1007/s00170-024-14502-x,https://link.springer.com/content/pdf/10.1007/s00170-024-14502-x.pdf,,,,,,,,,,,,
2,W4407127082,"Generative Adversarial Networks for Dynamic Malware Behavior: A Comprehensive Review, Categorization, and Analysis",Ghebrebrhan Weldit Gebrehans; Naveed Ilyas; Khouloud Eledlebi; Willian T. Lunardi; Martin Andreoni Lopez; Chan Yeob Yeun; Ernesto Damiani,2025,IEEE Transactions on Artificial Intelligence,article,14,10.1109/tai.2025.3537966,https://doi.org/10.1109/tai.2025.3537966,,,,,,,,,,,,,
2,W4407704287,"How good is your synthetic data? SynthRO, a dashboard to evaluate and benchmark synthetic tabular data",Gabriele Santangelo; Giovanna Nicora; Riccardo Bellazzi; Arianna Dagliati,2025,BMC Medical Informatics and Decision Making,article,13,10.1186/s12911-024-02731-9,https://doi.org/10.1186/s12911-024-02731-9,https://bmcmedinformdecismak.biomedcentral.com/counter/pdf/10.1186/s12911-024-02731-9,,,,,,,,,,,,
2,W4411405205,Advancing breast cancer prediction: Comparative analysis of ML models and deep learning-based multi-model ensembles on original and synthetic datasets,Kazi Arman Ahmed; Israt Humaira; Ashiqur Rahman Khan; Md Shamim Hasan; Mukitul Islam; Anik Roy; Mehrab Karim; Mezbah Uddin; Ashique Mohammad; Md Doulotuzzaman Xames,2025,PLoS ONE,article,13,10.1371/journal.pone.0326221,https://doi.org/10.1371/journal.pone.0326221,https://journals.plos.org/plosone/article/file?id=10.1371/journal.pone.0326221&type=printable,,,,,,,,,,,,
2,W4405036976,Advancing Organizational Science Through Synthetic Data: A Path to Enhanced Data Sharing and Collaboration,Pengda Wang; Andrew C. Loignon; Sirish Shrestha; George C. Banks; Frederick L. Oswald,2024,Journal of Business and Psychology,article,12,10.1007/s10869-024-09997-w,https://doi.org/10.1007/s10869-024-09997-w,,,,,,,,,,,,,
2,W4409728530,High‐resolution flood probability mapping using generative machine learning with large‐scale synthetic precipitation and inundation data,Lipai Huang; Federico Antolini; Ali Mostafavi; Russell Blessing; Matthew Garcia; Samuel D. Brody,2025,Computer-Aided Civil and Infrastructure Engineering,article,12,10.1111/mice.13490,https://doi.org/10.1111/mice.13490,https://onlinelibrary.wiley.com/doi/pdfdirect/10.1111/mice.13490,,,,,,,,,,,,
2,W7122726170,Transforming wearable data into personal health insights using large language model agents,Mike A. Merrill; Akshay Paruchuri; Naghmeh Rezaei; Geza Kovacs; Javier Perez; Yun Liu; Erik Schenck; Nova Hammerquist; Jake Sunshine; Shyam Tailor; Kumar Ayush; Hao-Wei Su; et al.,2026,Nature Communications,article,12,10.1038/s41467-025-67922-y,https://doi.org/10.1038/s41467-025-67922-y,https://www.nature.com/articles/s41467-025-67922-y_reference.pdf,,,,,,,,,,,,
2,W4411255619,A decision framework for privacy-preserving synthetic data generation,Pablo Sanchez-Serrano; Rubén Rı́os; Isaac Agudo,2025,Computers & Electrical Engineering,article,10,10.1016/j.compeleceng.2025.110468,https://doi.org/10.1016/j.compeleceng.2025.110468,,,,,,,,,,,,,
2,W4413293989,Beware of counter-intuitive levels of false discoveries in datasets with strong intra-correlations,Chakravarthi Kanduri; Maria Mamica; Emilie Willoch Olstad; Manuela Zucknick; Jingyi Jessica Li; Geir Kjetil Sandve,2025,Genome biology,article,10,10.1186/s13059-025-03734-z,https://doi.org/10.1186/s13059-025-03734-z,https://genomebiology.biomedcentral.com/counter/pdf/10.1186/s13059-025-03734-z,,,,,,,,,,,,
2,W4407123576,Access Denied: Meaningful Data Access for Quantitative Algorithm Audits,Juliette Zaccour; Reuben Binns; Luc Rocher,2025,,conference-paper,9,10.1145/3706598.3713963,https://doi.org/10.1145/3706598.3713963,https://dl.acm.org/doi/pdf/10.1145/3706598.3713963,,,,,,,,,,,,
2,W2965372408,Generating and Evaluating Synthetic UK Primary Care Data: Preserving Data Utility &amp; Patient Privacy,Zhenchen Wang; Puja Myles; Allan Tucker,2019,,conference-paper,47,10.1109/cbms.2019.00036,https://doi.org/10.1109/cbms.2019.00036,,,,,,,,,,,,,
2,W3193735541,Integrated modelling for mapping spatial sources of dust in central Asia - An important dust source in the global atmospheric system,Hamid Gholami; Aliakbar Mohammadifar; Hossein Malakooti; Yahya Esmaeilpour; Shahram Golzari; Fariborz Mohammadi; Yue Li; Yougui Song; Dimitris G. Kaskaoutis; Kathryn E. Fitzsimmons; Adrian L. Collins,2021,Atmospheric Pollution Research,article,47,10.1016/j.apr.2021.101173,https://doi.org/10.1016/j.apr.2021.101173,,,,,,,,,,,,,
2,W3012064685,A Baseline for Attribute Disclosure Risk in Synthetic Data,Markus Hittmeir; Rudolf Mayer; Andreas Ekelhart,2020,,conference-paper,38,10.1145/3374664.3375722,https://doi.org/10.1145/3374664.3375722,,,,,,,,,,,,,
2,W2726942983,Exploring the optimal granularity for market segmentation in RTB advertising via computational experiment approach,Rui Qin; Yong Yuan; Fei–Yue Wang,2017,Electronic Commerce Research and Applications,article,36,10.1016/j.elerap.2017.07.001,https://doi.org/10.1016/j.elerap.2017.07.001,,,,,,,,,,,,,
2,W3008875066,Utility and Privacy Assessments of Synthetic Data for Regression Tasks,Markus Hittmeir; Andreas Ekelhart; Rudolf Mayer,2019,,conference-paper,34,10.1109/bigdata47090.2019.9005476,https://doi.org/10.1109/bigdata47090.2019.9005476,,,,,,,,,,,,,
2,W3091504090,Synthea™ Novel coronavirus (COVID-19) model and synthetic data set,Jason Walonoski; Sybil Ann Klaus; Eldesia Granger; Dylan Hall; Andrew Gregorowicz; George A. Neyarapally; Abigail Watson; Jeff Eastman,2020,Intelligence-Based Medicine,article,34,10.1016/j.ibmed.2020.100007,https://doi.org/10.1016/j.ibmed.2020.100007,https://www.sciencedirect.com/science/article/pii/S2666521220300077/pdf,,,,,,,,,,,,
2,W4285113841,Assessing Deep Generative Models on Time Series Network Data,Muhammad Haris Naveed; Umair Sajid Hashmi; Nayab Tajved; Neha Sultan; Ali Imran,2022,IEEE Access,article,32,10.1109/access.2022.3177906,https://doi.org/10.1109/access.2022.3177906,https://ieeexplore.ieee.org/ielx7/6287639/6514899/09781420.pdf,,,,,,,,,,,,
2,W3154653218,OCT-GAN: Neural ODE-based Conditional Tabular GANs,Jayoung Kim; Jinsung Jeon; Jae Hoon Lee; Jihyeon Hyeong; Noseong Park,2021,,conference-paper,31,10.1145/3442381.3449999,https://doi.org/10.1145/3442381.3449999,,,,,,,,,,,,,
2,W4293084310,Toward a political economy of synthetic data: A data-intensive capitalism that is not a surveillance capitalism?,James Steinhoff,2022,New Media & Society,article,31,10.1177/14614448221099217,https://doi.org/10.1177/14614448221099217,,,,,,,,,,,,,
2,W2977787364,Assessing privacy and quality of synthetic health data,Andrew Yale; Saloni Dash; Ritik Dutta; Isabelle Guyon; Adrien Pavão; Kristin P. Bennett,2019,,conference-paper,27,10.1145/3359115.3359124,https://doi.org/10.1145/3359115.3359124,,,,,,,,,,,,,
2,W4220960296,Incorporation of Synthetic Data Generation Techniques within a Controlled Data Processing Workflow in the Health and Wellbeing Domain,Mikel Hernandez; Gorka Epelde; Andoni Beristain; Roberto Álvarez; Cristina Molina; Xabat Larrea; Ane Alberdi; Michalis Timoleon; Panagiotis D. Bamidis; Evdokimos Konstantinidis,2022,Electronics,article,27,10.3390/electronics11050812,https://doi.org/10.3390/electronics11050812,https://www.mdpi.com/2079-9292/11/5/812/pdf?version=1646636799,,,,,,,,,,,,
2,W2894088191,Comparing recommender systems using synthetic data,Manel Slokom,2018,,conference-paper,26,10.1145/3240323.3240325,https://doi.org/10.1145/3240323.3240325,,,,,,,,,,,,,
2,W3204768095,Synthia: multidimensional synthetic data generation in Python,David E. Meyer; Thomas Nagler,2021,The Journal of Open Source Software,article,26,10.21105/joss.02863,https://doi.org/10.21105/joss.02863,https://joss.theoj.org/papers/10.21105/joss.02863.pdf,,,,,,,,,,,,
2,W3001840202,Data generators: a short survey of techniques and use cases with focus on testing,Srdan Popic; Bogdan Pavković; Ivan Velikić; Nikola Teslić,2019,,conference-paper,25,10.1109/icce-berlin47944.2019.8966202,https://doi.org/10.1109/icce-berlin47944.2019.8966202,,,,,,,,,,,,,
2,W3165924587,Improving GAN with inverse cumulative distribution function for tabular data synthesis,Ban Li; Senlin Luo; Xiaonan Qin; Limin Pan,2021,Neurocomputing,article,25,10.1016/j.neucom.2021.05.098,https://doi.org/10.1016/j.neucom.2021.05.098,,,,,,,,,,,,,
2,W4366256777,Semantic segmentation based on Deep learning for the detection of Cyanobacterial Harmful Algal Blooms (CyanoHABs) using synthetic images,Fredy Barrientos-Espillco; Esther Gascó; Clara I. López-González; María J. Gómez-Silva; Gonzalo Pájares,2023,Applied Soft Computing,article,25,10.1016/j.asoc.2023.110315,https://doi.org/10.1016/j.asoc.2023.110315,,,,,,,,,,,,,
2,W3008684804,Using Synthetic Data Generators to Promote Open Science in Higher Education Learning Analytics,Mohsen Dorodchi; Erfan Al-Hossami; Aileen Benedict; Elise Demeter,2019,,conference-paper,20,10.1109/bigdata47090.2019.9006475,https://doi.org/10.1109/bigdata47090.2019.9006475,,,,,,,,,,,,,
2,W4316253885,Use of Generative Adversarial Networks (GANs) in Educational Technology Research,Anabel Bethencourt Aguilar; Dagoberto Castellanos–Nieves; Juan José Sosa Alonso; Manuel Área Moreira,2023,Journal of New Approaches in Educational Research,article,20,10.7821/naer.2023.1.1231,https://doi.org/10.7821/naer.2023.1.1231,https://naerjournal.ua.es/article/download/v12n1-9/961,,,,,,,,,,,,
2,W4386745633,Synthetic Data as a Proxy for Real-World Electronic Health Records in the Patient Length of Stay Prediction,Dominik Bietsch; Robert Stahlbock; Stefan Voß,2023,Sustainability,article,20,10.3390/su151813690,https://doi.org/10.3390/su151813690,https://www.mdpi.com/2071-1050/15/18/13690/pdf?version=1694615896,,,,,,,,,,,,
2,W4285296545,NoLeaks: Differentially Private Causal Discovery Under Functional Causal Model,Pingchuan Ma; Zhenlan Ji; Qi Pang; Shuai Wang,2022,IEEE Transactions on Information Forensics and Security,article,19,10.1109/tifs.2022.3184263,https://doi.org/10.1109/tifs.2022.3184263,,,,,,,,,,,,,
2,W4318949469,An artificial intelligence framework for predicting fire spread sustainability in semiarid shrublands,Sadegh Khanmohammadi; Mehrdad Arashpour; Emadaldin Mohammadi Golafshani; Miguel G. Cruz; Abbas Rajabifard,2023,International Journal of Wildland Fire,article,19,10.1071/wf22216,https://doi.org/10.1071/wf22216,,,,,,,,,,,,,
2,W4389524441,Generative Table Pre-training Empowers Models for Tabular Prediction,Tian‐Ping Zhang; Shaowen Wang; Shuicheng Yan; Jian Li; Qian Liu,2023,,conference-paper,19,10.18653/v1/2023.emnlp-main.917,https://doi.org/10.18653/v1/2023.emnlp-main.917,https://aclanthology.org/2023.emnlp-main.917.pdf,,,,,,,,,,,,
2,W3127936872,Practical Lessons from Generating Synthetic Healthcare Data with Bayesian Networks,Juan de Benedetti; Namir Oues; Zhenchen Wang; Puja Myles; Allan Tucker,2020,Communications in computer and information science,conference-paper,18,10.1007/978-3-030-65965-3_3,https://doi.org/10.1007/978-3-030-65965-3_3,,,,,,,,,,,,,
2,W4210887682,SynGen: Synthetic Data Generation,Akash Kothare; Shridhara Chaube; Yash Moharir; Gaurav Bajodia; Snehlata Dongre,2021,,conference-paper,18,10.1109/iccica52458.2021.9697232,https://doi.org/10.1109/iccica52458.2021.9697232,,,,,,,,,,,,,
2,W2911423778,"SynthNotes: A Generator Framework for High-volume, High-fidelity Synthetic Mental Health Notes",Edmon Begoli; Kris Brown; Sudarshan Srinivas; Suzanne Tamang,2018,,conference-paper,17,10.1109/bigdata.2018.8621981,https://doi.org/10.1109/bigdata.2018.8621981,,,,,,,,,,,,,
2,W4313005202,Evaluation of Synthetic Data Generation Techniques in the Domain of Anonymous Traffic Classification,Drake Cullen; James R. Halladay; Nathan Briner; Ram B. Basnet; Jeremy M. Bergen; Tenzin Doleck,2022,IEEE Access,article,16,10.1109/access.2022.3228507,https://doi.org/10.1109/access.2022.3228507,https://ieeexplore.ieee.org/ielx7/6287639/6514899/09980373.pdf,,,,,,,,,,,,
2,W4321435481,Data anonymization evaluation against re-identification attacks in edge storage,Ming‐Hui Chen; Li Shan Cang; Zheng Chang; Muddesar Iqbal; Dhafer Almakhles,2023,Wireless Networks,article,15,10.1007/s11276-023-03235-6,https://doi.org/10.1007/s11276-023-03235-6,,,,,,,,,,,,,
2,W4395070146,eXplainable Artificial Intelligence (XAI) for improving organisational regility,Niusha Shafiabady; Nick Hadjinicolaou; Nadeesha D. Hettikankanamage; Ehsan MohammadiSavadkoohi; Mingxuan Wu; James Vakilian,2024,PLoS ONE,article,15,10.1371/journal.pone.0301429,https://doi.org/10.1371/journal.pone.0301429,https://journals.plos.org/plosone/article/file?id=10.1371/journal.pone.0301429&type=printable,,,,,,,,,,,,
2,W4205421355,Semantic-enabled architecture for auditable privacy-preserving data analysis,Fajar J. Ekaputra; Andreas Ekelhart; Rudolf Mayer; Tomasz Miksa; Tanja Šarčević; Sotirios Tsepelakis; Laura Waltersdorfer,2022,Semantic Web,article,14,10.3233/sw-212883,https://doi.org/10.3233/sw-212883,https://content.iospress.com:443/download/semantic-web/sw212883?id=semantic-web%2Fsw212883,,,,,,,,,,,,
3,W4302012265,HPC Storage Service Autotuning Using Variational- Autoencoder -Guided Asynchronous Bayesian Optimization,Matthieu Dorier; Romain Égelé; Prasanna Balaprakash; Jaehoon Koo; Sandeep Madireddy; Srinivasan Ramesh; Allen D. Malony; Rob Ross,2022,,conference-paper,14,10.1109/cluster51413.2022.00049,https://doi.org/10.1109/cluster51413.2022.00049,,,,,,,,,,,,,
3,W4318817525,"1-D convolution neural network based leak detection, location and size estimation in smart water grid",Pooja Choudhary; B. A. Botre; S. A. Akbar,2023,Urban Water Journal,article,14,10.1080/1573062x.2022.2164732,https://doi.org/10.1080/1573062x.2022.2164732,,,,,,,,,,,,,
3,W4378676703,Synthetic Data Generation Using Combinatorial Testing and Variational Autoencoder,Krishna Khadka; Jaganmohan Chandrasekaran; Yu Lei; Raghu N. Kacker; D. Richard Kuhn,2023,,conference-paper,14,10.1109/icstw58534.2023.00048,https://doi.org/10.1109/icstw58534.2023.00048,,,,,,,,,,,,,
3,W4293691173,Anomaly Detection in Time Series Data using Data-Centric AI,Chetana Hegde,2022,"2022 IEEE International Conference on Electronics, Computing and Communication Technologies (CONECCT)",conference-paper,13,10.1109/conecct55679.2022.9865824,https://doi.org/10.1109/conecct55679.2022.9865824,,,,,,,,,,,,,
3,W4390959497,Fake it till you make it: Synthetic data for emerging carsharing programs,Tobias Albrecht; Robert Keller; Dominik Rebholz; Maximilian Röglinger,2024,Transportation Research Part D Transport and Environment,article,13,10.1016/j.trd.2024.104067,https://doi.org/10.1016/j.trd.2024.104067,,,,,,,,,,,,,
3,W4395463621,On the application of process management and process mining to Industry 4.0,Flavia Monti; Jerin George Mathew; Francesco Leotta; Agnes Koschmider; Massimo Mecella,2024,Software & Systems Modeling,article,13,10.1007/s10270-024-01175-z,https://doi.org/10.1007/s10270-024-01175-z,https://link.springer.com/content/pdf/10.1007/s10270-024-01175-z.pdf,,,,,,,,,,,,
3,W4403191965,A novel and fully automated platform for synthetic tabular data generation and validation,Hooman H. Rashidi; Samer Albahra; Brian P. Rubin; Bo Hu,2024,Scientific Reports,article,13,10.1038/s41598-024-73608-0,https://doi.org/10.1038/s41598-024-73608-0,https://www.nature.com/articles/s41598-024-73608-0.pdf,,,,,,,,,,,,
3,W3118434586,From One-hot Encoding to Privacy-preserving Synthetic Electronic Health Records Embedding,Xiayu Xiang; Shaoming Duan; Hezhong Pan; Peiyi Han; Jiahao Cao; Chuanyi Liu,2020,,conference-paper,12,10.1145/3444370.3444605,https://doi.org/10.1145/3444370.3444605,,,,,,,,,,,,,
3,W4400660777,Synthetic datasets for open software development in rare disease research,Ibraheem Al-Dhamari; Hammam Abu Attieh; Fabian Praßer,2024,Orphanet Journal of Rare Diseases,article,12,10.1186/s13023-024-03254-2,https://doi.org/10.1186/s13023-024-03254-2,https://ojrd.biomedcentral.com/counter/pdf/10.1186/s13023-024-03254-2,,,,,,,,,,,,
3,W4403296887,Auditing and Generating Synthetic Data with Controllable Trust Trade-offs,Brian Belgodere; Pierre Dognin; Adam Ivankay; Igor Melnyk; Youssef Mroueh; Aleksandra Mojsilovic; Jiří Navrátil; Apoorva Nitsure; Inkit Padhi; Mattia Rigotti; Jerret Ross; Yair Schiff; et al.,2024,IEEE Journal on Emerging and Selected Topics in Circuits and Systems,article,12,10.1109/jetcas.2024.3477976,https://doi.org/10.1109/jetcas.2024.3477976,,,,,,,,,,,,,
3,W4403555713,Towards Autonomous Cybersecurity: An Intelligent AutoML Framework for Autonomous Intrusion Detection,Li Yang; Abdallah Shami,2023,,conference-paper,12,10.1145/3689933.3690833,https://doi.org/10.1145/3689933.3690833,,,,,,,,,,,,,
3,W4406610744,"Comprehensive Review of Privacy, Utility, and Fairness Offered by Synthetic Data",A Kiran; P Rubini; S. Saravana Kumar,2025,IEEE Access,article,12,10.1109/access.2025.3532128,https://doi.org/10.1109/access.2025.3532128,,,,,,,,,,,,,
3,W4407832462,Generating Realistic Tabular Data with Large Language Models,Dang Nguyen; Sunil Gupta; Kien Do; Thin Nguyen; Svetha Venkatesh,2024,,conference-paper,12,10.1109/icdm59182.2024.00040,https://doi.org/10.1109/icdm59182.2024.00040,,,,,,,,,,,,,
3,W4292794365,Using Generative Adversarial Networks to Assist Synthetic Population Creation for Simulations,Srihan Kotnana; David Han; Taylor Anderson; Andreas Züfle; Hamdi Kavak,2022,,conference-paper,11,10.23919/annsim55834.2022.9859422,https://doi.org/10.23919/annsim55834.2022.9859422,,,,,,,,,,,,,
3,W4389469640,The importance of capturing power system operational details in resource adequacy assessments,Benjamin D. Leibowicz; Nan Zhang; Juan Pablo Carvallo; Peter Larsen; Thomas Carr; Sunhee Baik,2023,Electric Power Systems Research,article,11,10.1016/j.epsr.2023.110057,https://doi.org/10.1016/j.epsr.2023.110057,,,,,,,,,,,,,
3,W4285218226,Generating Synthetic Sensor Event Logs for Process Mining,Yorck Zisgen; Dominik Janssen; Agnes Koschmider,2022,Lecture notes in business information processing,conference-paper,10,10.1007/978-3-031-07481-3_15,https://doi.org/10.1007/978-3-031-07481-3_15,,,,,,,,,,,,,
3,W4388079759,Employing Deep-Learning Approach for the Early Detection of Mild Cognitive Impairment Transitions through the Analysis of Digital Biomarkers,Rajaram Narasimhan; Muthukumaran Gopalan; Mohamed Yacin Sikkandar; Ahmad Alassaf; Ibrahim AlMohimeed; Khalid Alhussaini; Adham Aleid; Sabarunisha Begum Sheik,2023,Sensors,article,10,10.3390/s23218867,https://doi.org/10.3390/s23218867,https://www.mdpi.com/1424-8220/23/21/8867/pdf?version=1698754654,,,,,,,,,,,,
3,W4391470216,Improvement of Machine Learning-Based Modelling of Container Ship’s Main Particulars with Synthetic Data,Darin Majnarić; Sandi Baressi Šegota; Nikola Anđelić; Jerolim Andrić,2024,Journal of Marine Science and Engineering,article,10,10.3390/jmse12020273,https://doi.org/10.3390/jmse12020273,https://www.mdpi.com/2077-1312/12/2/273/pdf?version=1706847577,,,,,,,,,,,,
3,W4401906084,Generative models for synthetic data generation: application to pharmacokinetic/pharmacodynamic data,Yulun Jiang; Alberto García-Durán; Idris Bachali Losada; Pascal Girard; Nadia Terranova,2024,Journal of Pharmacokinetics and Pharmacodynamics,article,10,10.1007/s10928-024-09935-6,https://doi.org/10.1007/s10928-024-09935-6,,,,,,,,,,,,,
3,W4401584834,On the evaluation of synthetic longitudinal electronic health records,Jim Achterberg; M. Haas; Marco Spruit,2024,BMC Medical Research Methodology,article,9,10.1186/s12874-024-02304-4,https://doi.org/10.1186/s12874-024-02304-4,https://bmcmedresmethodol.biomedcentral.com/counter/pdf/10.1186/s12874-024-02304-4,,,,,,,,,,,,
3,W4402336147,Unlocking biomedical data sharing: A structured approach with digital twins and artificial intelligence (AI) for open health sciences,Claire Jean-Quartier; Sarah Stryeck; Alexander Thien; Burim Vrella; Jeremias Kleinschuster; Emil Spreitzer; Mojib Wali; Heimo Mueller; Andreas Holzinger; Fleur Jeanquartier,2024,Digital Health,article,9,10.1177/20552076241271769,https://doi.org/10.1177/20552076241271769,,,,,,,,,,,,,
3,W4405203783,TabularMark: Watermarking Tabular Datasets for Machine Learning,Yihao Zheng; Haocheng Xia; Junyuan Pang; Jinfei Liu; Kui Ren; Lingyang Chu; Yang Cao; Li Xiong,2024,,conference-paper,9,10.1145/3658644.3690373,https://doi.org/10.1145/3658644.3690373,https://dl.acm.org/doi/pdf/10.1145/3658644.3690373,,,,,,,,,,,,
3,W4406016104,A novel deep synthesis-based insider intrusion detection (DS-IID) model for malicious insiders and AI-generated threats,Hazem M. Kotb; Tarek Gaber; Salem AlJanah; Hossam M. Zawbaa; Mohammed Alkhathami,2025,Scientific Reports,article,9,10.1038/s41598-024-84673-w,https://doi.org/10.1038/s41598-024-84673-w,https://www.nature.com/articles/s41598-024-84673-w.pdf,,,,,,,,,,,,
3,W4406604651,Utility-based Analysis of Statistical Approaches and Deep Learning Models for Synthetic Data Generation With Focus on Correlation Structures: Algorithm Development and Validation,Marko Miletic; Murat Sariyar,2025,JMIR AI,article,9,10.2196/65729,https://doi.org/10.2196/65729,https://ai.jmir.org/2025/1/e65729/PDF,,,,,,,,,,,,
3,W4408774358,The Explanation and Sensitivity of AI Algorithms Supplied with Synthetic Medical Data,Dan Munteanu; Simona Moldovanu; Mihaela Miron,2025,Electronics,article,9,10.3390/electronics14071270,https://doi.org/10.3390/electronics14071270,https://www.mdpi.com/2079-9292/14/7/1270/pdf?version=1742801084,,,,,,,,,,,,
3,W4410950639,Early detection of occupational stress: Enhancing workplace safety with machine learning and large language models,Mohammad Junayed Hasan; Jannat Sultana; Silvia Ahmed; Sifat Momen,2025,PLoS ONE,article,9,10.1371/journal.pone.0323265,https://doi.org/10.1371/journal.pone.0323265,,,,,,,,,,,,,
3,W4390740529,GeMSyD: Generic Framework for Synthetic Data Generation,Ramona Tolas; Raluca Portase; Rodica Potolea,2024,Data,article,8,10.3390/data9010014,https://doi.org/10.3390/data9010014,https://www.mdpi.com/2306-5729/9/1/14/pdf?version=1705021619,,,,,,,,,,,,
3,W4400582453,Natural Symbolic Execution-Based Testing for Big Data Analytics,Yaoxuan Wu; Ahmad Humayun; Muhammad Ali Gulzar; Miryung Kim,2024,Proceedings of the ACM on software engineering.,article,8,10.1145/3660825,https://doi.org/10.1145/3660825,,,,,,,,,,,,,
3,W4402158746,A Tale of Two Methods: Unveiling the Limitations of GAN and the Rise of Bayesian Networks for Synthetic Network Traffic Generation,Adrien Schoen; Grégory Blanc; Pierre-François Gimenez; Yufei Han; Frédéric Majorczyk; Ludovic Mé,2024,,conference-paper,8,10.1109/eurospw61312.2024.00036,https://doi.org/10.1109/eurospw61312.2024.00036,,,,,,,,,,,,,
3,W4406816166,SynDEc: A Synthetic Data Ecosystem,Fabian Karst; Mahei Manhai Li; Jan Marco Leimeister,2025,Electronic Markets,article,8,10.1007/s12525-024-00746-8,https://doi.org/10.1007/s12525-024-00746-8,https://link.springer.com/content/pdf/10.1007/s12525-024-00746-8.pdf,,,,,,,,,,,,
3,W4410808996,GenAI-Based Jamming and Spoofing Attacks on UAVs,B. Sarikaya; Şerif Bahtıyar,2025,IEEE Access,article,8,10.1109/access.2025.3574284,https://doi.org/10.1109/access.2025.3574284,,,,,,,,,,,,,
3,W4393141938,"Synthetic Time Series Data in Groundwater Analytics: Challenges, Insights, and Applications",Sarva T. Pulla; Hakan Yasarer; Lance D. Yarbrough,2024,Water,article,7,10.3390/w16070949,https://doi.org/10.3390/w16070949,https://www.mdpi.com/2073-4441/16/7/949/pdf?version=1711383639,,,,,,,,,,,,
3,W4400438940,Causality-Aware Local Interpretable Model-Agnostic Explanations,Martina Cinquini; Riccardo Guidotti,2024,Communications in computer and information science,conference-paper,7,10.1007/978-3-031-63800-8_6,https://doi.org/10.1007/978-3-031-63800-8_6,,,,,,,,,,,,,
3,W4407005884,The fabrication of synthetic data promises: Tracing emerging arenas of expectations and boundary work <sup>1</sup>,Louis Ravn,2025,Big Data & Society,article,7,10.1177/20539517241307915,https://doi.org/10.1177/20539517241307915,,,,,,,,,,,,,
3,W4408735256,Breaking data barriers in medical diagnosis with MSDGD framework based on Gaussian Diffusion Generation,Fengwei Jia; Fengyuan Jia; Huale Li; Shuhan Qi; Hongli Zhu,2025,Information Processing & Management,article,7,10.1016/j.ipm.2025.104130,https://doi.org/10.1016/j.ipm.2025.104130,,,,,,,,,,,,,
3,W4403172377,Applying Deep Generative Neural Networks to Data Augmentation for Consumer Survey Data with a Small Sample Size,Shinya Watanuki; Katsue Edo; Toshihiko Miura,2024,Applied Sciences,article,6,10.3390/app14199030,https://doi.org/10.3390/app14199030,https://www.mdpi.com/2076-3417/14/19/9030/pdf?version=1728208893,,,,,,,,,,,,
3,W4404547004,Anonymize or synthesize? Privacy-preserving methods for heart failure score analytics,Tim Johann; Karen Otte; Fabian Praßer; Christoph Dieterich,2024,European Heart Journal - Digital Health,article,6,10.1093/ehjdh/ztae083,https://doi.org/10.1093/ehjdh/ztae083,,,,,,,,,,,,,
3,W4413270313,Medical data sharing and synthetic clinical data generation – maximizing biomedical resource utilization and minimizing participant re-identification risks,Simeone Marino; Ruth Cassidy; Joseph Nanni; Yuxuan Wang; Yipeng Liu; Ming‐Yi Tang; Yuan Yuan; T Donna Chen; Anik Sinha; Balaji Pandian; Ivo D. Dinov; Michael Burns,2025,npj Digital Medicine,article,6,10.1038/s41746-025-01935-1,https://doi.org/10.1038/s41746-025-01935-1,https://www.nature.com/articles/s41746-025-01935-1.pdf,,,,,,,,,,,,
3,W7127197725,"Big Data Analytics and AI for Consumer Behavior in Digital Marketing: Applications, Synthetic and Dark Data, and Future Directions",Leonidas Theodorakopoulos; Alexandra Theodoropoulou; Christos Klavdianos,2026,Big Data and Cognitive Computing,article,6,10.3390/bdcc10020046,https://doi.org/10.3390/bdcc10020046,https://www.mdpi.com/2504-2289/10/2/46/pdf,,,,,,,,,,,,
3,W4381735310,Evaluating the Utility of GAN Generated Synthetic Tabular Data for Class Balancing and Low Resource Settings,Nagarjuna Venkata Chereddy; Bharath Kumar Bolla,2023,Lecture notes in computer science,conference-paper,5,10.1007/978-3-031-36402-0_4,https://doi.org/10.1007/978-3-031-36402-0_4,,,,,,,,,,,,,
3,W4391800524,Systematic Assessment of Tabular Data Synthesis,Yuntao Du; Ninghui Li,2025,,conference-paper,5,10.1145/3719027.3765067,https://doi.org/10.1145/3719027.3765067,,,,,,,,,,,,,
3,W4404517135,Using Gaussian Copulas and Generative Adversarial Networks for Generating Synthetic Data in Beet Productivity Analysis,Denize Palmito dos Santos; Julio Cezar Souza Vasconcelos,2024,Sugar Tech,article,5,10.1007/s12355-024-01506-w,https://doi.org/10.1007/s12355-024-01506-w,,,,,,,,,,,,,
3,W4408330348,Using synthetic data to develop machine learning models to predict the performance of fiber-reinforced concrete,Victor Hugo Peres Silva; Carolina Luiza Emereciana Pessoa; Derica dos Santos Sousa; Ricardo Stefani,2025,Asian Journal of Civil Engineering,article,5,10.1007/s42107-025-01308-9,https://doi.org/10.1007/s42107-025-01308-9,,,,,,,,,,,,,
3,W4413696839,Parametric Optimization of Artificial Neural Networks and Machine Learning Techniques Applied to Small Welding Datasets,Vinícius Resende Rocha; Fran Sérgio Lobato; Pedro Augusto Queiroz de Assis; Carlos Roberto Ribeiro; Sebastião Simões da Cunha; Louriel Oliveira Vilarinho; João Rodrigo Andrade; Leonardo Rosa Ribeiro da Silva; Luiz Eduardo dos Santos Paes,2025,Processes,article,5,10.3390/pr13092711,https://doi.org/10.3390/pr13092711,https://www.mdpi.com/2227-9717/13/9/2711/pdf?version=1756257378,,,,,,,,,,,,
3,W4414687920,An LLM-Based Framework for Synthetic Data Generation,Mandeep Goyal; Qusay H. Mahmoud,2025,,conference-paper,5,10.1109/ccwc62904.2025.10903878,https://doi.org/10.1109/ccwc62904.2025.10903878,,,,,,,,,,,,,
3,W4406593292,Predicting doxorubicin-induced cardiotoxicity in breast cancer: leveraging machine learning with synthetic data,Daniella Castro Araújo; Ricardo Santos Simões; Adriano de Paula Sabino; Angélica Navarro de Oliveira; Camila Maciel de Oliveira; Adriano Veloso; Karina Braga Gomes,2025,Medical & Biological Engineering & Computing,article,4,10.1007/s11517-025-03289-y,https://doi.org/10.1007/s11517-025-03289-y,,,,,,,,,,,,,
3,W4411143575,Assessing the Fidelity and Utility of Water Systems Data Using Generative Adversarial Networks: A Technical Review,Md Nazmul Kabir Sikder; Yingjie Wang; Feras A. Batarseh,2025,IEEE Access,article,4,10.1109/access.2025.3577969,https://doi.org/10.1109/access.2025.3577969,,,,,,,,,,,,,
3,W4412877244,"Synthetic Tabular Data: Methods, Attacks and Defenses",Graham Cormode; Samuel Maddock; Enayat Ullah; Shripad Gade,2025,,conference-paper,4,10.1145/3711896.3736562,https://doi.org/10.1145/3711896.3736562,https://dl.acm.org/doi/pdf/10.1145/3711896.3736562,,,,,,,,,,,,
3,W4413350499,DGA Fault Diagnosis Method Based on Gaussian Copula Data Augmentation and Transfer Learning,Hao Tang; Chang Liu; Xiang Zhang; Xiaoqing Li; Xiaofei Zhang,2025,Journal of Electrical Engineering and Technology,article,4,10.1007/s42835-025-02409-w,https://doi.org/10.1007/s42835-025-02409-w,,,,,,,,,,,,,
3,W4414955969,Generative Private Synthetic Student Data for Learning Analytics: An Empirical Study,Divine Iloh; Oluwakemi Temitope Olayinka; Faith Iyere; Sanath Chilakala,2025,IEEE Access,article,4,10.1109/access.2025.3619091,https://doi.org/10.1109/access.2025.3619091,,,,,,,,,,,,,
4,W4416056327,Evaluating the use of synthetic data for machine learning prediction of self-healing capacity of concrete,Franciana Sokoloski de Oliveira; Ricardo Stefani,2025,AI in Civil Engineering,article,4,10.1007/s43503-025-00074-6,https://doi.org/10.1007/s43503-025-00074-6,https://link.springer.com/content/pdf/10.1007/s43503-025-00074-6.pdf,,,,,,,,,,,,
4,W4417045860,Evaluating Synthetic Malicious Network Traffic Generated by GAN and VAE Models: A Data Quality Perspective,Νικόλαος Πεππές; Theodoros Alexakis; Emmanouil Daskalakis; Evgenia Adamopoulou,2025,Future Internet,article,4,10.3390/fi17120561,https://doi.org/10.3390/fi17120561,,,,,,,,,,,,,
4,W4413797375,Innovations in early detection of chronic non-communicable diseases among adolescents through an easy-to-Use AutoML paradigm,Nevena Ranković; Dragica Ranković; Igor Lukić,2025,Health Care Management Science,article,3,10.1007/s10729-025-09718-6,https://doi.org/10.1007/s10729-025-09718-6,https://link.springer.com/content/pdf/10.1007/s10729-025-09718-6.pdf,,,,,,,,,,,,
4,W7118401853,E2ETune: End-to-End Knob Tuning via Fine-Tuned Generative Language Model,Xinmei Huang; Haoyang Li; Jing Zhang; Xinxin Zhao; Zhiming Yao; Y. Li; Tieying Zhang; Jianjun Chen; Hong Chen; Cuiping Li,2025,Proceedings of the VLDB Endowment,article,2,10.14778/3773731.3773732,https://doi.org/10.14778/3773731.3773732,,,,,,,,,,,,,
4,W2996345852,Algorithmic approach to forecasting rare violent events,Richard A. Berk; Susan B. Sorenson,2019,Criminology & Public Policy,article,25,10.1111/1745-9133.12476,https://doi.org/10.1111/1745-9133.12476,,,,,,,,,,,,,
4,W2903233386,A Method toward Real-Time CFD Modeling for Natural Ventilation,Wentao Wu; Bing Wang; Ali Malkawi; Nari Yoon; Zlatan Sehovic; Bin Yan,2018,Fluids,article,23,10.3390/fluids3040101,https://doi.org/10.3390/fluids3040101,https://www.mdpi.com/2311-5521/3/4/101/pdf?version=1543657652,,,,,,,,,,,,
4,W3111290677,Using BiLSTM Networks for Context-Aware Deep Sensitivity Labelling on Conversational Data,Antreas Pogiatzis; Georgios Samakovitis,2020,Applied Sciences,article,21,10.3390/app10248924,https://doi.org/10.3390/app10248924,https://www.mdpi.com/2076-3417/10/24/8924/pdf?version=1608002381,,,,,,,,,,,,
4,W3036642857,Privacy-Preserving Anomaly Detection Using Synthetic Data,Rudolf Mayer; Markus Hittmeir; Andreas Ekelhart,2020,Lecture notes in computer science,conference-paper,16,10.1007/978-3-030-49669-2_11,https://doi.org/10.1007/978-3-030-49669-2_11,https://link.springer.com/content/pdf/10.1007%2F978-3-030-49669-2_11.pdf,,,,,,,,,,,,
4,W2877756173,Morse Code Datasets for Machine Learning,Sourya Dey; Keith M. Chugg; Peter A. Beerel,2018,,conference-paper,15,10.1109/icccnt.2018.8494011,https://doi.org/10.1109/icccnt.2018.8494011,,,,,,,,,,,,,
4,W3104728961,Synthesizing Quality Open Data Assets from Private Health Research Studies,Andrew Yale; Saloni Dash; Karan Bhanot; Isabelle Guyon; John Erickson; Kristin P. Bennett,2020,Lecture notes in business information processing,conference-paper,15,10.1007/978-3-030-61146-0_26,https://doi.org/10.1007/978-3-030-61146-0_26,,,,,,,,,,,,,
4,W3207761698,Exploiting Script Similarities to Compensate for the Large Amount of Data in Training Tesseract LSTM: Towards Kurdish OCR,Saman Idrees; Hossein Hassani,2021,Applied Sciences,article,15,10.3390/app11209752,https://doi.org/10.3390/app11209752,https://www.mdpi.com/2076-3417/11/20/9752/pdf?version=1634900126,,,,,,,,,,,,
4,W4226363241,Boosting Synthetic Data Generation with Effective Nonlinear Causal Discovery,Martina Cinquini; Fosca Giannotti; Riccardo Guidotti,2021,,conference-paper,14,10.1109/cogmi52975.2021.00016,https://doi.org/10.1109/cogmi52975.2021.00016,,,,,,,,,,,,,
4,W2953526512,Synthetic Test Data Generation Using Recurrent Neural Networks: A Position Paper,Razieh Behjati; Erik Arisholm; Margrethe Bedregal; Chao Tan,2019,,conference-paper,13,10.1109/raise.2019.00012,https://doi.org/10.1109/raise.2019.00012,,,,,,,,,,,,,
4,W4385478152,Human-in-the-Loop Machine Learning for the Treatment of Pancreatic Cancer,Eduardo Mosqueira-Rey; Alberto Pérez-Sánchez; Elena Hernández-Pereira; David Alonso-Ríos; José Bobes-Bascarán; Ángel Fernández-Leal; Vicente Moret‐Bonillo; Yolanda Vidal-Ínsua; Francisca Vázquez-Rivera,2023,,conference-paper,13,10.1109/ijcnn54540.2023.10191456,https://doi.org/10.1109/ijcnn54540.2023.10191456,,,,,,,,,,,,,
4,W4226388545,Deception for Cyber Defence: Challenges and Opportunities,David Liebowitz; ‪Surya Nepal‬; Kristen Moore; Cody James Christopher; Salil S. Kanhere; David D. Nguyen; Roelien C. Timmer; Michael Longland; Keerth Rathakumar,2021,,conference-paper,12,10.1109/tpsisa52974.2021.00020,https://doi.org/10.1109/tpsisa52974.2021.00020,,,,,,,,,,,,,
4,W4286005443,Privacy-Preserving Synthetic Educational Data Generation,Jill-Jênn Vie; Tomas Rigaux; Sein Minn,2022,Lecture notes in computer science,conference-paper,12,10.1007/978-3-031-16290-9_29,https://doi.org/10.1007/978-3-031-16290-9_29,,,,,,,,,,,,,
4,W4304127634,Active Defense Research against False Data Injection Attacks of Power CPS Based on Data-Driven Algorithms,Xiaoyong Bo; Zhaoyang Qu; Lei Wang; Yunchang Dong; Zhenming Zhang; Da Wang,2022,Energies,article,11,10.3390/en15197432,https://doi.org/10.3390/en15197432,https://www.mdpi.com/1996-1073/15/19/7432/pdf?version=1665405947,,,,,,,,,,,,
4,W4385834681,Use of Synthetic Data in Maritime Applications for the Problem of Steam Turbine Exergy Analysis,Sandi Baressi Šegota; Vedran Mrzljak; Nikola Anđelić; Igor Poljak; Zlatan Car,2023,Journal of Marine Science and Engineering,article,11,10.3390/jmse11081595,https://doi.org/10.3390/jmse11081595,https://www.mdpi.com/2077-1312/11/8/1595/pdf?version=1692087219,,,,,,,,,,,,
4,W2885420795,A Pareto optimal mechanism for demand-side platforms in real time bidding advertising markets,Rui Qin; Yong Yuan; Fei–Yue Wang,2018,Information Sciences,article,10,10.1016/j.ins.2018.08.012,https://doi.org/10.1016/j.ins.2018.08.012,,,,,,,,,,,,,
4,W3100038034,Generating Privacy-Preserving Synthetic Tabular Data Using Oblivious Variational Autoencoders,Stanley Kok; Lakkamaneni Vivek Harsha Vardhan,2020,National University of Singapore,conference-paper,10,,https://scholarbank.nus.edu.sg/handle/10635/171694,,,,,,,,,,,,,
4,W3212251639,WristPrint: Characterizing User Re-identification Risks from Wrist-worn Accelerometry Data,Nazir Saleheen; Md Azim Ullah; Supriyo Chakraborty; Deniz S. Öneş; Mani Srivastava; Santosh Kumar,2021,,conference-paper,10,10.1145/3460120.3484799,https://doi.org/10.1145/3460120.3484799,,,,,,,,,,,,,
4,W3211041384,Qualitätsmanagement und vorausschauende Instandhaltung auf der Basis synthetischer Datensätze,Thomas Reuter; Kristin Massalsky; Klaus Høyer; Georg Ivanov; Thomas Burkhardt,2021,Zeitschrift für wirtschaftlichen Fabrikbetrieb,article,9,10.1515/zwf-2021-0167,https://doi.org/10.1515/zwf-2021-0167,,,,,,,,,,,,,
4,W4283327548,Synthetic Subject Generation with Coupled Coherent Time Series Data,Xabat Larrea; Mikel Hernandez; Gorka Epelde; Andoni Beristain; Cristina Molina; Ane Alberdi; Debbie Rankin; Panagiotis D. Bamidis; Evdokimos Konstantinidis,2022,,conference-paper,9,10.3390/engproc2022018007,https://doi.org/10.3390/engproc2022018007,https://www.mdpi.com/2673-4591/18/1/7/pdf?version=1655804967,,,,,,,,,,,,
4,W4291819153,Estimation of local time-varying reproduction numbers in noisy surveillance data,Wenrui Li; Katia Bulekova; Brian Gregor; Laura F. White; Eric D. Kolaczyk,2022,Philosophical Transactions of the Royal Society A Mathematical Physical and Engineering Sciences,article,9,10.1098/rsta.2021.0303,https://doi.org/10.1098/rsta.2021.0303,,,,,,,,,,,,,
4,W4322727389,Synthetic Data and Its Evaluation Metrics for Machine Learning,Ajmeera Kiran; S. Saravana Kumar,2023,"Smart innovation, systems and technologies",book-chapter,9,10.1007/978-981-19-7447-2_43,https://doi.org/10.1007/978-981-19-7447-2_43,,,,,,,,,,,,,
4,W4386211174,SleepSynth: Evaluating the use of Synthetic Data in Health Digital Twins,Sandra Kumi; Maxwell Hilton; Charles C. Snow; Richard K. Lomotey; Ralph Deters,2023,,conference-paper,9,10.1109/icdh60066.2023.00027,https://doi.org/10.1109/icdh60066.2023.00027,,,,,,,,,,,,,
4,W4391965934,Deep learning and predictive modelling for generating normalised muscle function parameters from signal images of mandibular electromyography,Taseef Hasan Farook; Tashreque Mohammed Haq; Lameesa Ramees; James Dudley,2024,Medical & Biological Engineering & Computing,article,9,10.1007/s11517-024-03047-6,https://doi.org/10.1007/s11517-024-03047-6,https://link.springer.com/content/pdf/10.1007/s11517-024-03047-6.pdf,,,,,,,,,,,,
4,W4319586339,Enabling Synthetic Data adoption in regulated domains,Giorgio Visani; Giacomo Graffi; Mattia Alfero; E. Bagli; Federico Chesani; Davide Capuzzo,2022,2022 IEEE 9th International Conference on Data Science and Advanced Analytics (DSAA),conference-paper,8,10.1109/dsaa54385.2022.10032356,https://doi.org/10.1109/dsaa54385.2022.10032356,,,,,,,,,,,,,
4,W4382201153,Improving Color Mixture Predictions in Ceramics using Data-centric Deep Learning,Tomás Souper; Ana C. Morgado; Ana Marques; Inês Silva; Luís Rosado,2023,,conference-paper,8,10.1145/3589883.3589917,https://doi.org/10.1145/3589883.3589917,https://dl.acm.org/doi/pdf/10.1145/3589883.3589917,,,,,,,,,,,,
4,W4385270226,Synthetic Data Generation for Enterprise DBMS,Anupam Sanghi; Jayant R. Haritsa,2023,,conference-paper,8,10.1109/icde55515.2023.00274,https://doi.org/10.1109/icde55515.2023.00274,,,,,,,,,,,,,
4,W4320024133,Permutation-Invariant Tabular Data Synthesis,Yujin Zhu; Zilong Zhao; Robert Birke; Lydia Y. Chen,2022,2022 IEEE International Conference on Big Data (Big Data),conference-paper,7,10.1109/bigdata55660.2022.10020639,https://doi.org/10.1109/bigdata55660.2022.10020639,,,,,,,,,,,,,
4,W4388636396,An algorithm for drug discovery based on deep learning with an example of developing a drug for the treatment of lung cancer,Dmitrii K. Chebanov; V. A. Misyurin; И. Ж. Шубина,2023,Frontiers in Bioinformatics,article,7,10.3389/fbinf.2023.1225149,https://doi.org/10.3389/fbinf.2023.1225149,https://www.frontiersin.org/articles/10.3389/fbinf.2023.1225149/pdf?isPublishedV2=False,,,,,,,,,,,,
4,W4388692276,Lightweight Fault Prediction Method for Edge Networks,Yang Yang; Jingting Mei; Z. Zhang; Yuhan Long; Aolun Liu; Zhipeng Gao; Lanlan Rui,2023,IEEE Internet of Things Journal,article,7,10.1109/jiot.2023.3333293,https://doi.org/10.1109/jiot.2023.3333293,,,,,,,,,,,,,
4,W4394935202,Language model enhanced surface chloride concentration determination for concrete within splash environment based on limited field records,Xinrui Ma; Xiao Liang; Shuai Wang; Shi‐Zhi Chen,2024,Case Studies in Construction Materials,article,7,10.1016/j.cscm.2024.e03157,https://doi.org/10.1016/j.cscm.2024.e03157,,,,,,,,,,,,,
4,W4399119177,Generating Synthetic Tabular Data for DDoS Detection Using Generative Models,Samed Saka; Ali Al-Ataby; Valerio Selis,2023,,conference-paper,7,10.1109/trustcom60117.2023.00196,https://doi.org/10.1109/trustcom60117.2023.00196,,,,,,,,,,,,,
4,W4400106896,Representation Debiasing of Generated Data Involving Domain Experts,Aditya Bhattacharya; Simone Stumpf; Katrien Verbert,2024,,conference-paper,7,10.1145/3631700.3664910,https://doi.org/10.1145/3631700.3664910,,,,,,,,,,,,,
4,W4401857069,FLAIM: AIM-based Synthetic Data Generation in the Federated Setting,Samuel Maddock; Graham Cormode; Carsten Maple,2024,,conference-paper,7,10.1145/3637528.3671990,https://doi.org/10.1145/3637528.3671990,https://dl.acm.org/doi/pdf/10.1145/3637528.3671990,,,,,,,,,,,,
4,W4388820077,Learning Performance Efficiency of College Basketball Players Using TVAE,Nasim Yahyasoltani; Priyanka Annapureddy; Manzur Farazi,2023,IEEE Access,article,6,10.1109/access.2023.3334911,https://doi.org/10.1109/access.2023.3334911,https://ieeexplore.ieee.org/ielx7/6287639/6514899/10323330.pdf,,,,,,,,,,,,
4,W4319781994,GDEGAN: Graphical Discriminative Embedding GAN for tabular data,Dinh Anh Dung; Huỳnh Thị Thanh Bình,2022,2022 IEEE 9th International Conference on Data Science and Advanced Analytics (DSAA),conference-paper,5,10.1109/dsaa54385.2022.10032445,https://doi.org/10.1109/dsaa54385.2022.10032445,,,,,,,,,,,,,
4,W4362237928,The use of generative models to speed up the discovery of materials,Andrea Gregores Coto; Christian E. Precker; Tom Andersson; Anssi Laukkanen; Tomi Suhonen; P. Rey; Santiago Mu�nos-Land�n,2023,Computer Methods in Materials Science.,article,5,10.7494/cmms.2023.1.0802,https://doi.org/10.7494/cmms.2023.1.0802,https://www.cmms.agh.edu.pl/public_repo/2023_1_0802.pdf,,,,,,,,,,,,
4,W4394749714,Test-Driven Ethics for Machine Learning,Nicholas Berente; Cameron Kormylo; Christoph Rosenkranz,2024,Communications of the ACM,article,5,10.1145/3633455,https://doi.org/10.1145/3633455,https://dl.acm.org/doi/pdf/10.1145/3633455,,,,,,,,,,,,
4,W4399385442,Predicting masticatory muscle activity and deviations in mouth opening from non‐invasive temporomandibular joint complex functional analyses,Taseef Hasan Farook; Tashreque Mohammed Haq; Lameesa Ramees; James Dudley,2024,Journal of Oral Rehabilitation,article,5,10.1111/joor.13769,https://doi.org/10.1111/joor.13769,https://onlinelibrary.wiley.com/doi/pdfdirect/10.1111/joor.13769,,,,,,,,,,,,
4,W4400491046,Digital Twins for Stress Management Utilizing Synthetic Data,Sandra Kumi; Madhurima Ray; Sanskriti Walia; Richard K. Lomotey; Ralph Deters,2024,,conference-paper,5,10.1109/aiiot61789.2024.10579038,https://doi.org/10.1109/aiiot61789.2024.10579038,,,,,,,,,,,,,
4,W4404691809,FlowChronicle: Synthetic Network Flow Generation through Pattern Set Mining,Joscha Cüppers; Adrien Schoen; Grégory Blanc; Pierre-François Gimenez,2024,Proceedings of the ACM on Networking,article,5,10.1145/3696407,https://doi.org/10.1145/3696407,,,,,,,,,,,,,
4,W4405272583,Generative Adversarial Networks for Synthetic Jamming Attacks on UAVs,B. Sarikaya; Şerif Bahtıyar,2024,,conference-paper,5,10.1109/ubmk63289.2024.10773419,https://doi.org/10.1109/ubmk63289.2024.10773419,,,,,,,,,,,,,
4,W4377007281,Synthesis of Tax Return Datasets for Development of Tax Evasion Detection,Narongchai Visitpanya; Taweesak Samanchuen,2023,IEEE Access,article,4,10.1109/access.2023.3276761,https://doi.org/10.1109/access.2023.3276761,https://ieeexplore.ieee.org/ielx7/6287639/10005208/10126089.pdf,,,,,,,,,,,,
4,W4389950512,Advances in automatically rating the trustworthiness of text processing services,Biplav Srivastava; Kausik Lakkaraju; Mariana Bernagozzi; Marco Valtorta,2023,AI and Ethics,article,4,10.1007/s43681-023-00391-5,https://doi.org/10.1007/s43681-023-00391-5,,,,,,,,,,,,,
4,W4398198731,Investigating How Data Poising Attacks Can Impact An EEG-Based Federated Learning Model,Shamma Alshebli; Muna Alshehhi; Chan Yeob Yeun,2024,,conference-paper,4,10.1109/iccr61006.2024.10532875,https://doi.org/10.1109/iccr61006.2024.10532875,,,,,,,,,,,,,
4,W4403022517,Bridging Data Gaps: A Comparative Study of Different Imputation Methods for Numeric Datasets,Shubhra Prakash; Saumya Singh; Ashutosh Mankar,2024,,conference-paper,4,10.1109/icdsns62112.2024.10691111,https://doi.org/10.1109/icdsns62112.2024.10691111,,,,,,,,,,,,,
4,W4403048309,Synthetic Data: Generate Avatar Data on Demand,Thomas Lebrun; Louis Béziaud; Tristan Allard; Antoine Boutet; Sébastien Gambs; Mohamed Maouche,2024,Lecture notes in computer science,conference-paper,4,10.1007/978-981-96-0576-7_15,https://doi.org/10.1007/978-981-96-0576-7_15,,,,,,,,,,,,,
5,W4411551627,Fairness Testing Through Extreme Value Theory,Verya Monjezi; Ashutosh Trivedi; Владик Крейнович; Saeid Tizpaz-Niari,2025,,conference-paper,4,10.1109/icse55347.2025.00070,https://doi.org/10.1109/icse55347.2025.00070,,,,,,,,,,,,,
5,W4411565097,Data Augmentation with Variational Autoencoder for Imbalanced Dataset,Samuel Stocksieker; Denys Pommeret; Arthur Charpentier,2025,Lecture notes in computer science,conference-paper,4,10.1007/978-981-96-6579-2_24,https://doi.org/10.1007/978-981-96-6579-2_24,,,,,,,,,,,,,
5,W4320002466,Robust pulse shape discrimination algorithm using canonical correlation analysis of gamma and neutron pulses,Ehab H. El‐Shazly; Assem Abdelhakim,2023,Journal of Instrumentation,article,3,10.1088/1748-0221/18/01/p01015,https://doi.org/10.1088/1748-0221/18/01/p01015,https://iopscience.iop.org/article/10.1088/1748-0221/18/01/P01015/pdf,,,,,,,,,,,,
5,W4382988922,Data Privacy in the Metaverse Ecosystem,Sibanjan Debeeprasad Das; Pradip Kumar Bala; Rajat Kumar Behera,2023,Advances in computational intelligence and robotics book series,book-chapter,3,10.4018/978-1-6684-8851-5.ch020,https://doi.org/10.4018/978-1-6684-8851-5.ch020,,,,,,,,,,,,,
5,W4386065911,Generation of Synthetic Data to Improve Security Monitoring for Cyber-Physical Production Systems,Felix Specht; Jens Otto; Daniel Ratz,2023,,conference-paper,3,10.1109/indin51400.2023.10218171,http://dx.doi.org/10.1109/indin51400.2023.10218171,,,,,,,,,,,,,
5,W4390266844,An Open-Access Dataset of Hospitalized Cardiac-Arrest Patients: Machine-Learning-Based Predictions Using Clinical Documentation,Lahiru T. W. Rajapaksha; Sugandima Vidanagamachchi; Sampath Gunawardena; Vajira Thambawita,2023,BioMedInformatics,article,3,10.3390/biomedinformatics4010003,https://doi.org/10.3390/biomedinformatics4010003,https://www.mdpi.com/2673-7426/4/1/3/pdf?version=1703647561,,,,,,,,,,,,
5,W4399208560,Differentially Private Data Generation with Missing Data,Shubhankar Mohapatra; Jianqiao Zong; Florian Kerschbaum; Xi He,2024,Proceedings of the VLDB Endowment,article,3,10.14778/3659437.3659455,https://doi.org/10.14778/3659437.3659455,,,,,,,,,,,,,
5,W4400015691,Optimizing the benefit–risk trade-off in nano-agrochemicals through explainable machine learning: beyond concentration,Hengjie Yu; Shiyu Tang; Eslam M. Hamed; Sam Fong Yau Li; Yaochu Jin; Cheng Fang,2024,Environmental Science Nano,article,3,10.1039/d4en00213j,https://doi.org/10.1039/d4en00213j,,,,,,,,,,,,,
5,W4402918729,A Machine Learning Pipeline for Predicting Pinot Noir Wine Quality from Viticulture Data: Development and Implementation,Don Kulasiri; Sarawoot Somin; Samantha Kumara Pathirannahalage,2024,Foods,article,3,10.3390/foods13193091,https://doi.org/10.3390/foods13193091,,,,,,,,,,,,,
5,W4405180073,RuleExplorer: A Scalable Matrix Visualization for Understanding Tree Ensemble Classifiers,Zhen Li; Weikai Yang; Jun Yuan; Jing Wu; Changjian Chen; Yao Ming; Fan Yang; Hui Zhang; Shixia Liu,2024,IEEE Transactions on Visualization and Computer Graphics,article,3,10.1109/tvcg.2024.3514115,https://doi.org/10.1109/tvcg.2024.3514115,,,,,,,,,,,,,
5,W4390548081,Tabular Data Synthesis with GANs for Adaptive AI Models,Sandeep Hans; Anupam Sanghi; Diptikalyan Saha,2024,,conference-paper,2,10.1145/3632410.3632438,https://doi.org/10.1145/3632410.3632438,https://dl.acm.org/doi/pdf/10.1145/3632410.3632438,,,,,,,,,,,,
5,W4410115320,Synthetic Flight Data Generation Using Generative Models,Karim Aly; Alexei Sharpanskykh,2025,,conference-paper,2,10.1109/icns65417.2025.10976960,https://doi.org/10.1109/icns65417.2025.10976960,,,,,,,,,,,,,
5,W4411027693,Challenges and Limitations of TVAE Tabular Synthetic Data Generator,Ajmeera Kiran; P. Rubini; S. Saravana Kumar,2025,Communications in computer and information science,conference-paper,2,10.1007/978-3-031-84602-1_17,https://doi.org/10.1007/978-3-031-84602-1_17,,,,,,,,,,,,,
5,W4411306038,A Systematic Evaluation of Generative Models on Tabular Transportation Data,Chengen Wang; Álvaro A. Cárdenas; Gurcan Comert; Murat Kantarcıoğlu,2025,Lecture notes in computer science,conference-paper,2,10.1007/978-981-96-8298-0_9,https://doi.org/10.1007/978-981-96-8298-0_9,,,,,,,,,,,,,
5,W4412536922,Synthetic Data,Md. Zia Uddin,2025,Cognitive technologies,book-chapter,2,10.1007/978-3-031-97359-8_3,https://doi.org/10.1007/978-3-031-97359-8_3,,,,,,,,,,,,,
5,W4412763594,Validating an explainable radiomics approach in non-small cell lung cancer combining high energy physics with clinical and biological analyses,M. Monteleone; Francesca Camagni; Stefano Percio; Letizia Morelli; G. Baroni; S. Gennai; P. Govoni; Chiara Paganelli,2025,Physica Medica,article,2,10.1016/j.ejmp.2025.105054,https://doi.org/10.1016/j.ejmp.2025.105054,https://www.physicamedica.com/article/S1120-1797(25)00164-4/pdf,,,,,,,,,,,,
5,W4413755017,Quality Data Extractor (QDE): Elevating Synthetic Data Augmentation Through Post-Generation Filtration,Pragati Sachdeva; Amarjit Malhotra; Karan Gupta,2025,IEEE Access,article,2,10.1109/access.2025.3603435,https://doi.org/10.1109/access.2025.3603435,,,,,,,,,,,,,
5,W4414200532,Counterfactual ensembles for interpretable churn prediction: from real-world to privacy-preserving synthetic data,Samuele Tonati; Marzio Di Vece; Fosca Giannotti; Roberto Pellungrini,2025,Machine Learning,article,2,10.1007/s10994-025-06880-4,https://doi.org/10.1007/s10994-025-06880-4,https://link.springer.com/content/pdf/10.1007/s10994-025-06880-4.pdf,,,,,,,,,,,,
5,W4414553888,Naval AI-Based Utility for Remaining Useful Life Prediction and Anomaly Detection for Lifecycle Management,Carlos E. Pardo B.; Oscar I. Iglesias R.; Maicol D. León A.; Christian G. Quintero M.; Miguel Andrés Garnica López; Andrés Ricardo Pedraza Leguizamón,2025,Systems,article,2,10.3390/systems13100845,https://doi.org/10.3390/systems13100845,https://www.mdpi.com/2079-8954/13/10/845/pdf?version=1758877787,,,,,,,,,,,,
5,W4415483341,Balancing Privacy and Utility in Child and Adolescent Mental Health Services Research: Retrospective Cohort Study on Synthetic Data Generation,Mounir Haizoune; Bennett Leventhal; Dipendra Pant; Øystein Nytrø; Kaban Koochakpour; Roman Koposov; Lars Ravn Øhlckers; Norbert Skokauskas,2025,JMIR Medical Informatics,article,2,10.2196/71819,https://doi.org/10.2196/71819,,,,,,,,,,,,,
5,W4415807924,RM-SMOTE: a new robust balancing technique,Rasool Taban; Cláudia Nunes; M. Rosário Oliveira,2025,Statistical Methods & Applications,article,2,10.1007/s10260-025-00819-8,https://doi.org/10.1007/s10260-025-00819-8,,,,,,,,,,,,,
5,W4417255527,AI-assisted rapid crystal structure generation towards a target local environment,Osman Goni Ridwan; Sylvain Pitié; Monish Soundar Raj; D. Y. Dai; Gilles Frapper; Haolin Xue; Qiang Zhu,2026,npj Computational Materials,article,2,10.1038/s41524-025-01931-9,https://doi.org/10.1038/s41524-025-01931-9,https://www.nature.com/articles/s41524-025-01931-9_reference.pdf,,,,,,,,,,,,
5,W7125517643,"Machine Learning in Ultra-High-Performance Concrete (UHPC): A Multiscale Review of Applications, Challenges, and Prospects",Keat Bin Teoh; Shack Yee Hiew; Nemkumar Banthia; Doo-yeol Yoo,2026,Archives of Computational Methods in Engineering,article,2,10.1007/s11831-026-10494-x,https://doi.org/10.1007/s11831-026-10494-x,,,,,,,,,,,,,
5,W7134174380,A novel digital twin strategy to examine the implications of randomized clinical trials for real-world populations,Phyllis Thangaraj; Sumukh Vasisht Shankar; Sicong Huang; Girish N. Nadkarni; Bobak J. Mortazavi; Evangelos K. Oikonomou; Rohan Khera,2026,npj Digital Medicine,article,2,10.1038/s41746-026-02464-1,https://doi.org/10.1038/s41746-026-02464-1,https://www.nature.com/articles/s41746-026-02464-1_reference.pdf,,,,,,,,,,,,
5,W4415620545,Synthetic data as meaningful data. On Responsibility in data ecosystems,Marianna Capasso,2025,Big Data & Society,article,1,10.1177/20539517251386053,https://doi.org/10.1177/20539517251386053,,,,,,,,,,,,,
5,W4415973328,Longitudinal Synthetic Data Generation by Artificial Intelligence to Accelerate Clinical and Translational Research in Breast Cancer,Elena Zazzetti; Saverio D’Amico; Flavia Jacobs; Rita De Sanctis; Lorenzo Chiudinelli; Mariangela Gaudio; Gianluca Asti; Mattia Delleani; Elisabetta Sauta; Mirco Quintavalla; Alessandro Bruseghini; Luca Lanino; et al.,2025,JCO Clinical Cancer Informatics,article,1,10.1200/cci-25-00033,https://doi.org/10.1200/cci-25-00033,,,,,,,,,,,,,
5,W7116052125,What Do Large Language Models <i>Know</i> About Materials?,Adrian Ehrenhofer; Thomas Wallmersperger; Gianaurelio Cuniberti,2025,Advanced Engineering Materials,article,1,10.1002/adem.202501876,https://doi.org/10.1002/adem.202501876,https://onlinelibrary.wiley.com/doi/pdfdirect/10.1002/adem.202501876,,,,,,,,,,,,
5,W2883352946,Virtual Patient Model: An Approach for Generating Synthetic Healthcare Time Series Data,Rittika Shamsuddin; Barbara Mukami Maweu; Ming Li; Balakrishnan Prabhakaran,2018,,conference-paper,13,10.1109/ichi.2018.00031,https://doi.org/10.1109/ichi.2018.00031,,,,,,,,,,,,,
5,W2889366067,Synthetic Data Approach for Classification and Regression,Yang Yue; Ying Li; Kexin Yi; Zhonghai Wu,2018,,conference-paper,13,10.1109/asap.2018.8445094,https://doi.org/10.1109/asap.2018.8445094,,,,,,,,,,,,,
5,W2994001052,An economic feasibility assessment framework for underutilised crops using Support Vector Machine,Mei Shin Oh; Zhiyuan Chen; Ebrahim Jahanshiri; Dino Isa; Yee Wan Wong,2019,Computers and Electronics in Agriculture,article,13,10.1016/j.compag.2019.105116,https://doi.org/10.1016/j.compag.2019.105116,,,,,,,,,,,,,
5,W2809070429,Contextual Anonymization for Secondary Use of Big Data in Biomedical Research: Proposal for an Anonymization Matrix,John Rumbold; Barbara Pierścionek,2018,JMIR Medical Informatics,article,12,10.2196/medinform.7096,https://doi.org/10.2196/medinform.7096,https://medinform.jmir.org/2018/4/e47/PDF,,,,,,,,,,,,
5,W3163695297,Testing Object Detection for Autonomous Driving Systems via 3D Reconstruction,Jinyang Shao,2021,,conference-paper,12,10.1109/icse-companion52605.2021.00052,https://doi.org/10.1109/icse-companion52605.2021.00052,,,,,,,,,,,,,
5,W3162836204,Towards Improving Privacy of Synthetic DataSets,Aditya Kuppa; Lamine M. Aouad; Nhien‐An Le‐Khac,2021,Lecture notes in computer science,conference-paper,11,10.1007/978-3-030-76663-4_6,https://doi.org/10.1007/978-3-030-76663-4_6,,,,,,,,,,,,,
5,W4285048961,Utility and Privacy Assessment of Synthetic Microbiome Data,Markus Hittmeir; Rudolf Mayer; Andreas Ekelhart,2022,Lecture notes in computer science,conference-paper,11,10.1007/978-3-031-10684-2_2,https://doi.org/10.1007/978-3-031-10684-2_2,,,,,,,,,,,,,
5,W3095271771,A Novel Evaluation Metric for Synthetic Data Generation,Andrea Galloni; Imre Lendák; Tomáš Horváth,2020,Lecture notes in computer science,conference-paper,9,10.1007/978-3-030-62365-4_3,https://doi.org/10.1007/978-3-030-62365-4_3,,,,,,,,,,,,,
5,W3173134617,Towards a Benchmark for Learned Systems,Laurent Bindschaedler; Andreas Kipf; Tim Kraska; Ryan Marcus; Umar Farooq Minhas,2021,,conference-paper,9,10.1109/icdew53142.2021.00029,https://doi.org/10.1109/icdew53142.2021.00029,,,,,,,,,,,,,
5,W3116910183,Enabling Collaborative Data Science Development with the Ballet Framework,Micah J. Smith; Jürgen Cito; Kelvin Lu; Kalyan Veeramachaneni,2021,Proceedings of the ACM on Human-Computer Interaction,article,8,10.1145/3479575,https://doi.org/10.1145/3479575,https://dl.acm.org/doi/pdf/10.1145/3479575,,,,,,,,,,,,
5,W3031844875,Supporting Database Constraints in Synthetic Data Generation based on Generative Adversarial Networks,Wanxin Li,2020,,conference-paper,7,10.1145/3318464.3384414,https://doi.org/10.1145/3318464.3384414,,,,,,,,,,,,,
5,W3130418259,Event Mining Driven Context-Aware Personal Food Preference Modelling,Vaibhav Pandey; Ali Rostami; Nitish Nag; Ramesh Jain,2021,Lecture notes in computer science,conference-paper,7,10.1007/978-3-030-68821-9_52,https://doi.org/10.1007/978-3-030-68821-9_52,,,,,,,,,,,,,
5,W4298680860,An Empirical Analysis of Synthetic-Data-Based Anomaly Detection,Majlinda Llugiqi; Rudolf Mayer,2022,Lecture notes in computer science,conference-paper,7,10.1007/978-3-031-14463-9_20,https://doi.org/10.1007/978-3-031-14463-9_20,,,,,,,,,,,,,
5,W2945889281,Optimized training of deep neural network for image analysis using synthetic objects and augmented reality,Thomas Lu; Alexander Huyen; Luan Viet Nguyen; Joseph Osborne; Sarah Eldin; Kyongsik Yun,2019,,conference-paper,6,10.1117/12.2522198,https://doi.org/10.1117/12.2522198,,,,,,,,,,,,,
5,W4295135780,Assessment of Creditworthiness Models Privacy-Preserving Training with Synthetic Data,Ricardo Muñoz; Cristián Bravo; Sebastián A. Ríos; Manuel Graña,2022,Lecture notes in computer science,conference-paper,6,10.1007/978-3-031-15471-3_32,https://doi.org/10.1007/978-3-031-15471-3_32,,,,,,,,,,,,,
5,W4318148213,Efficient Bayesian Network Construction for Increased Privacy on Synthetic Data,Markus Hittmeir; Rudolf Mayer; Andreas Ekelhart,2022,2022 IEEE International Conference on Big Data (Big Data),conference-paper,6,10.1109/bigdata55660.2022.10020936,https://doi.org/10.1109/bigdata55660.2022.10020936,,,,,,,,,,,,,
5,W4389304682,Towards Fairness and Privacy: A Novel Data Pre-processing Optimization Framework for Non-binary Protected Attributes,Manh Khoi Duong; Stefan Conrad,2023,Communications in computer and information science,conference-paper,6,10.1007/978-981-99-8696-5_8,https://doi.org/10.1007/978-981-99-8696-5_8,,,,,,,,,,,,,
5,W4399174621,Query Refinement for Diverse Top-k Selection,Felix S. Campbell; Alon Silberstein; Julia Stoyanovich; Yuval Moskovitch,2024,Proceedings of the ACM on Management of Data,article,6,10.1145/3654969,https://doi.org/10.1145/3654969,https://dl.acm.org/doi/pdf/10.1145/3654969,,,,,,,,,,,,
5,W4206103852,SynEvaRec: A Framework for Evaluating Recommender Systems on Synthetic Data Classes,Vladimir Provalov; Elizaveta Stavinova; Petr Chunaev,2021,2021 International Conference on Data Mining Workshops (ICDMW),conference-paper,5,10.1109/icdmw53433.2021.00014,https://doi.org/10.1109/icdmw53433.2021.00014,,,,,,,,,,,,,
5,W4381327277,Transfer-learning-based Autotuning using Gaussian Copula,Thomas Randall; Jaehoon Koo; Brice Videau; Michael Kruse; Xingfu Wu; Paul Hovland; Mary Hall; Rong Ge; Prasanna Balaprakash,2023,,conference-paper,5,10.1145/3577193.3593712,https://doi.org/10.1145/3577193.3593712,https://dl.acm.org/doi/pdf/10.1145/3577193.3593712,,,,,,,,,,,,
5,W4388994364,A supervised generative optimization approach for tabular data,Fadi Hamad; Shinpei Nakamura-Sakai; Saheed Obitayo; Vamsi K. Potluru,2023,,conference-paper,5,10.1145/3604237.3626907,https://doi.org/10.1145/3604237.3626907,https://dl.acm.org/doi/pdf/10.1145/3604237.3626907,,,,,,,,,,,,
5,W4391892596,"Trading Off Scalability, Privacy, and Performance in Data Synthesis",Xiao Ling; Tim Menzies; Christopher J. Hazard; Jack Shu; Jacob Beel,2024,IEEE Access,article,5,10.1109/access.2024.3366556,https://doi.org/10.1109/access.2024.3366556,https://ieeexplore.ieee.org/ielx7/6287639/6514899/10438420.pdf,,,,,,,,,,,,
5,W4400682550,"Predictive modelling of freeway space utilising clinical history, normalised muscle activity, dental occlusion, and mandibular movement analysis",Taseef Hasan Farook; Tashreque Mohammed Haq; Lameesa Ramees; James Dudley,2024,Scientific Reports,article,5,10.1038/s41598-024-67640-3,https://doi.org/10.1038/s41598-024-67640-3,https://www.nature.com/articles/s41598-024-67640-3.pdf,,,,,,,,,,,,
6,W4401326064,GUMBLE: Uncertainty-Aware Conditional Mobile Data Generation Using Bayesian Learning,Marco Skocaj; Lorenzo Mario Amorosa; Michele Lombardi; Roberto Verdone,2024,IEEE Transactions on Mobile Computing,article,5,10.1109/tmc.2024.3438208,https://doi.org/10.1109/tmc.2024.3438208,,,,,,,,,,,,,
6,W4285177221,An Empirical Study on Anomaly Detection Algorithms for Extremely Imbalanced Datasets,Gonçalo Fontes; Luís Miguel Matos; Arthur Matta; André Pilastri; Paulo Cortez,2022,IFIP advances in information and communication technology,conference-paper,4,10.1007/978-3-031-08333-4_7,https://doi.org/10.1007/978-3-031-08333-4_7,,,,,,,,,,,,,
6,W4387913006,A Comparative Analysis of Synthetic Data Generation with VAE and CTGAN Models on Financial Credit Loan Offer Data,Handenur Caliskan; Omer Faruk Yayla; Yakup Genç,2023,,conference-paper,4,10.1109/ubmk59864.2023.10286762,http://dx.doi.org/10.1109/ubmk59864.2023.10286762,,,,,,,,,,,,,
6,W4388520996,Accurate classification of major brain cell types using in vivo imaging and neural network processing,Amrita Gupta; Livia Asan; Jennifer John; Carlo A. Beretta; Thomas Kuner; Johannes Knabbe,2023,PLoS Biology,article,4,10.1371/journal.pbio.3002357,https://doi.org/10.1371/journal.pbio.3002357,https://journals.plos.org/plosbiology/article/file?id=10.1371/journal.pbio.3002357&type=printable,,,,,,,,,,,,
6,W4401247453,Enhancing Auto Insurance Fraud Detection Using Convolutional Neural Networks,Ratchanon Wongpanti; Sirion Vittayakorn,2024,,conference-paper,4,10.1109/jcsse61278.2024.10613702,https://doi.org/10.1109/jcsse61278.2024.10613702,,,,,,,,,,,,,
6,W4406047420,"Synthesizing Realistic Data with GANs: Balancing Quality, Similarity, and Privacy",Tran Khanh Dang; Duc Quang Hoang,2024,,conference-paper,4,10.1109/acompa64883.2024.00025,https://doi.org/10.1109/acompa64883.2024.00025,,,,,,,,,,,,,
6,W4375869232,Row Conditional-TGAN for Generating Synthetic Relational Databases,Mohamed Gueye; Yazid Attabi; Maxime Dumas,2023,,conference-paper,3,10.1109/icassp49357.2023.10096001,http://dx.doi.org/10.1109/icassp49357.2023.10096001,,,,,,,,,,,,,
6,W4381329183,QaaD (Query-as-a-Data): Scalable Execution of Massive Number of Small Queries in Spark,Yeonsu Park; Byungchul Tak; Wook-Shin Han,2023,Proceedings of the ACM on Management of Data,article,3,10.1145/3589279,https://doi.org/10.1145/3589279,https://dl.acm.org/doi/pdf/10.1145/3589279,,,,,,,,,,,,
6,W4387712315,Application of Fuzzy Logic for Detection of Financial-Customs Violations,George Popov; Огнян Наков; Antoaneta Popova; Kalina Semova,2023,,conference-paper,3,10.1109/et59121.2023.10279391,http://dx.doi.org/10.1109/et59121.2023.10279391,,,,,,,,,,,,,
6,W4389746831,"A Three-Way Knot: Privacy, Fairness, and Predictive Performance Dynamics",Tânia Carvalho; Nuno Moniz; Luís Antunes,2023,Lecture notes in computer science,conference-paper,3,10.1007/978-3-031-49008-8_5,https://doi.org/10.1007/978-3-031-49008-8_5,,,,,,,,,,,,,
6,W4392411623,Creating High-Quality Synthetic Health Data: Framework for Model Development and Validation,Elnaz Karimian Sichani; Aaron Smith; Khaled El Emam; Lucy Mosquera,2024,JMIR Formative Research,article,3,10.2196/53241,https://doi.org/10.2196/53241,https://jmir.org/api/download?alt_name=formative_v8i1e53241_app1.pdf&filename=d55bde301e46bedb42bf46df56469116.pdf,,,,,,,,,,,,
6,W4392939722,FakeDB: Generating Fake Synthetic Databases,Chongyang Gao; Sushil Jajodia; Andrea Pugliese; V. S. Subrahmanian,2024,IEEE Transactions on Dependable and Secure Computing,article,3,10.1109/tdsc.2024.3379434,http://dx.doi.org/10.1109/tdsc.2024.3379434,,,,,,,,,,,,,
6,W4394713359,An Empirical Study of Utility and Disclosure Risk for Tabular Data Synthesis Models: In-Depth Analysis and Interesting Findings,Dae Young Park; In‐Young Ko,2024,,conference-paper,3,10.1109/bigcomp60711.2024.00020,https://doi.org/10.1109/bigcomp60711.2024.00020,,,,,,,,,,,,,
6,W4396792384,"Integrating Unsupervised and Supervised ML Models for Analysis of Synthetic Data From VAE, GAN, and Clustering of Variables",Lakshmi Prayaga; Krishna Devulapalli; Chandra Prayaga; Aaron Wade; G S Harshavardhan Reddy; S. Pola,2024,International Journal of Data Analytics,article,3,10.4018/ijda.343311,https://doi.org/10.4018/ijda.343311,https://www.igi-global.com/ViewTitle.aspx?TitleId=343311&isxn=9798369325582,,,,,,,,,,,,
6,W4402494444,Synthetic Data Outliers: Navigating Identity Disclosure,Carolina Trindade; Luís Antunes; Tânia Carvalho; Nuno Moniz,2024,Lecture notes in computer science,conference-paper,3,10.1007/978-3-031-69651-0_16,https://doi.org/10.1007/978-3-031-69651-0_16,,,,,,,,,,,,,
6,W4402494919,Evaluation of Synthetic Data Generators on Complex Tabular Data,Oscar Thees; Jiří Novák; Matthias Templ,2024,Lecture notes in computer science,conference-paper,3,10.1007/978-3-031-69651-0_13,https://doi.org/10.1007/978-3-031-69651-0_13,,,,,,,,,,,,,
6,W2793872120,Dataset designing of software architectures styles for analysis through data mining clustering algorithms,Qadeem Khan; Usman Qamar; Wasi Haider Butt; Saad Rehman,2017,2017 Intelligent Systems Conference (IntelliSys),conference-paper,2,10.1109/intellisys.2017.8324325,https://doi.org/10.1109/intellisys.2017.8324325,,,,,,,,,,,,,
6,W3175036219,A Dark Art: The Machine Learning Labour Process,James Steinhoff,2021,"Marx, Engels, and Marxisms",book-chapter,2,10.1007/978-3-030-71689-9_6,https://doi.org/10.1007/978-3-030-71689-9_6,,,,,,,,,,,,,
6,W4381460121,Releasing survey microdata with exact cluster locations and additional privacy safeguards,Till Koebe; Alejandra Arias-Salazar; Timo Schmid,2023,Humanities and Social Sciences Communications,article,2,10.1057/s41599-023-01694-y,https://doi.org/10.1057/s41599-023-01694-y,https://www.nature.com/articles/s41599-023-01694-y.pdf,,,,,,,,,,,,
6,W4387165411,An Alternative Approach to Automated Code Checking – Application of Graph Neural Networks Trained on Synthetic Data for an Accessibility Check Case Study,Tanya Bloch; André Borrmann; Pieter Pauwels,2023,Lecture notes in civil engineering,conference-paper,2,10.1007/978-3-031-35399-4_7,https://doi.org/10.1007/978-3-031-35399-4_7,,,,,,,,,,,,,
6,W4391094437,ENCODE: Ensemble Contextual Bandits in Big Data Settings - A Case Study in E-Commerce Dynamic Pricing,Srividhya Sethuraman; G. Uma Maheswari; Siddhesh Thombre; Sunny Kumar; Vikash Patel; Sharadha Ramanan,2023,,conference-paper,2,10.1109/bigdata59044.2023.10386412,https://doi.org/10.1109/bigdata59044.2023.10386412,,,,,,,,,,,,,
6,W4394597119,Electronic Health Data in the Context of Patient Length-of-Stay Prediction: Using Generative Adversarial Nets for Synthetic Data Creation,Dominik Bietsch; Robert Stahlbock; Stefan Voß,2023,,conference-paper,2,10.1109/csce60160.2023.00262,http://dx.doi.org/10.1109/csce60160.2023.00262,,,,,,,,,,,,,
6,W4396678701,Impact of a Synthetic Data Vault for Imbalanced Class in Cross-Project Defect Prediction,Putri Nabella; Rudy Herteno; Setyo Wahyu Saputro; Mohammad Reza Faisal; Friska Abadi,2024,Journal of Electronics Electromedical Engineering and Medical Informatics,article,2,10.35882/jeeemi.v6i2.409,http://dx.doi.org/10.35882/jeeemi.v6i2.409,https://jeeemi.org/index.php/jeeemi/article/download/409/166,,,,,,,,,,,,
6,W4401981153,Experience: A Comparative Analysis of Multivariate Time-Series Generative Models: A Case Study on Human Activity Data,Naif Alzahrani; Jacek Cała; Paolo Missier,2024,Journal of Data and Information Quality,article,2,10.1145/3688393,https://doi.org/10.1145/3688393,https://dl.acm.org/doi/pdf/10.1145/3688393,,,,,,,,,,,,
6,W4403781429,A Method for Efficient Structured Data Generation with Large Language Models,Zongzhi Hou; Ruohan Zhao; Zhongyang Li; Zheng Wang; Yizhen Wu; Junwei Gou; Zhifeng Zhu,2024,,conference-paper,2,10.1145/3688866.3689127,https://doi.org/10.1145/3688866.3689127,,,,,,,,,,,,,
6,W4407672455,Measuring privacy/utility tradeoffs of format-preserving strategies for data release,Patrick Mesana; Grégory Vial; Pascal Jutras; Gilles Caporossi; Julien Crowe; Sébastien Gambs,2025,Journal of Business Analytics,article,2,10.1080/2573234x.2025.2461507,https://doi.org/10.1080/2573234x.2025.2461507,https://www.tandfonline.com/doi/pdf/10.1080/2573234X.2025.2461507?needAccess=true,,,,,,,,,,,,
6,W4409019049,Financial Data Generation Utilizing Graph Information from Transaction Networks,Kim Kwanggeun; Seonkyu Lim; Seung Ho Choi; Suk‐Ju Kang,2025,,conference-paper,2,10.1109/bigcomp64353.2025.00015,https://doi.org/10.1109/bigcomp64353.2025.00015,,,,,,,,,,,,,
6,W4409326606,A Graph-Based Approach to the Topological Optimization of Cycling Networks for the Improvement of Safety and Comfort of Cyclists,Manuel Campero Jurado; Carlos Canudas de Wit; Giovanni De Nunzio,2025,IEEE Transactions on Intelligent Transportation Systems,article,2,10.1109/tits.2025.3556555,https://doi.org/10.1109/tits.2025.3556555,,,,,,,,,,,,,
6,W4409623040,SyntAR: Synthetic data generation using multiscale attention generator-discriminator framework (SinGAN-MSA) for improved aircraft recognition in remote sensing images,Faryal Aurooj Nasir; Khurram Khurshid,2025,Multimedia Tools and Applications,article,2,10.1007/s11042-025-20825-y,https://doi.org/10.1007/s11042-025-20825-y,,,,,,,,,,,,,
6,W4412346662,Privacy Analysis of Oblivious DNS over HTTPS: a Website Fingerprinting Study,Mohammad Amir Salari; Abhinav Kumar; Federico Rinaudi; Reza Tourani; Alessio Sacco; Flavio Esposito,2025,,conference-paper,2,10.1109/dsn64029.2025.00048,https://doi.org/10.1109/dsn64029.2025.00048,,,,,,,,,,,,,
6,W4412430920,Synthetic data generation in genomic cancer medicine: a review of global research trends in the last ten years,Valentina De Nicolò; Maria Frasca; Agnese Graziosi; Gianluca Gazzaniga; Davide La Torre; Arianna Pani,2025,Discover Artificial Intelligence,article,2,10.1007/s44163-025-00384-9,https://doi.org/10.1007/s44163-025-00384-9,https://link.springer.com/content/pdf/10.1007/s44163-025-00384-9.pdf,,,,,,,,,,,,
6,W4413890217,Interpretable data-augmented machine learning framework for robust failure mode classification of RC shear wall,I‐Tung Yang; Handy Prayogo,2025,Journal of Building Engineering,article,2,10.1016/j.jobe.2025.113960,https://doi.org/10.1016/j.jobe.2025.113960,,,,,,,,,,,,,
6,W4415429097,Advancing LightGBM with data augmentation for predicting the residual strength of corroded pipelines,Q. Wang; Hongfang Lü; Li Fan; Y. Frank Cheng,2025,npj Materials Degradation,article,2,10.1038/s41529-025-00673-9,https://doi.org/10.1038/s41529-025-00673-9,https://www.nature.com/articles/s41529-025-00673-9.pdf,,,,,,,,,,,,
6,W3197115291,SmartSSO - A Deep Learning Platform for Automated Account Linkage in Federated Identity Management,Shirin Dabbaghi Varnosfaderani; Piotr Kasprzak; Christof Pohl; Ramin Yahyapour,2021,,conference-paper,1,10.1109/coins51742.2021.9524207,https://doi.org/10.1109/coins51742.2021.9524207,,,,,,,,,,,,,
6,W4321235646,Application of a Data Augmentation Technique on Blast-Induced Fly-Rock Distance Prediction,Biao He; Danial Jahed Armaghani; Sai Hin Lai,2023,Emerging trends in mechatronics,book-chapter,1,10.1007/978-981-19-8790-8_6,https://doi.org/10.1007/978-981-19-8790-8_6,,,,,,,,,,,,,
6,W4389009003,An Integrated Federated Learning and Meta-Learning Approach for Mining Operations,V. S. K. R. Munagala; Sankhya Singh; Srikanth Thudumu; Irini Logothetis; Sushil Bhandari; Amit Bhandari; Kon Mouzakis; Rajesh Vasa,2023,Lecture notes in computer science,conference-paper,1,10.1007/978-981-99-8388-9_31,https://doi.org/10.1007/978-981-99-8388-9_31,,,,,,,,,,,,,
6,W4389195737,Synthetic Data: Development Status and Prospects for Military Applications,Jinhui Huang; Junsong Yin; Shuangshuang Wang; Dezhao Kong,2023,Mechanisms and machine science,conference-paper,1,10.1007/978-3-031-42987-3_68,https://doi.org/10.1007/978-3-031-42987-3_68,,,,,,,,,,,,,
6,W4390421393,KI-basiertes akustisches Monitoring: Herausforderungen und Lösungsansätze für datengetriebene Innovationen auf Basis audiovisueller Analyse,Patrick Aichroth; Judith Liebetrau,2023,,book-chapter,1,10.1007/978-3-658-42060-4_4,https://doi.org/10.1007/978-3-658-42060-4_4,,,,,,,,,,,,,
6,W4401035214,Synthetic Financial Data: A Case Study Regarding Polish Limited Liability Companies Data,Aleksandra Szymura,2024,Econometrics,article,1,10.15611/eada.2024.2.01,http://dx.doi.org/10.15611/eada.2024.2.01,https://dbc.wroc.pl/Content/127165/Szymura_Synthetic_Financial_Data_A_Case_Study.pdf,,,,,,,,,,,,
6,W4402205444,AI Enhanced Prediction of Long Term Change in Bottom Dissolved Oxygen Concentration Using Intermittent Time Series Data Observed at Masan Bay,Soobin Kim; Jae‐Seong Lee; Sunghan Kim; Kyungtae Kim,2024,Journal of the Korean Society for Marine Environment & Energy,article,1,10.7846/jkosmee.2024.27.3.153,https://doi.org/10.7846/jkosmee.2024.27.3.153,,,,,,,,,,,,,
6,W4402209359,Recognition of Endotracheal Suctioning Activities: A Feature Extraction and Ensemble Learning Approach Based on Pose Estimation Data,Hoang Khang Phan; Tu Nhat Khang Nguyen; Truong Vi Bui; Khuong Nguyen; Tuan Phong Nguyen; Nhat Tan Le,2024,,conference-paper,1,10.1109/abc61795.2024.10651640,http://dx.doi.org/10.1109/abc61795.2024.10651640,,,,,,,,,,,,,
6,W4403126265,Synthetic Dataset Generation for an Electricity Market Simulation Game,Pyae Pyae Phyo; Koen Kok; Nikolaos G. Paterakis,2024,,conference-paper,1,10.1109/sest61601.2024.10694470,https://doi.org/10.1109/sest61601.2024.10694470,,,,,,,,,,,,,
6,W4405617010,An Empirical Study of Machine Learning-Based Synthetic Job Trace Generation Methods,Monish Soundar Raj; Thomas MacDougall; Di Zhang; Dong Dai,2024,Lecture notes in computer science,conference-paper,1,10.1007/978-3-031-74430-3_2,https://doi.org/10.1007/978-3-031-74430-3_2,,,,,,,,,,,,,
6,W4409158322,Synthetic Survey Data Generation and Evaluation,Yanru Jiang; Siyu Liang; Junwon Choi,2025,,conference-paper,1,10.1145/3690624.3709421,https://doi.org/10.1145/3690624.3709421,,,,,,,,,,,,,
6,W4410643449,Data-Driven Approach to Derive Equation for Predicting Ultimate Shear Strength of Reinforced Concrete Beams Without Stirrups,Menghay Phoeuk; Dong-Yeong Choi; Suchart Limkatanyu; Minho Kwon,2025,Materials,article,1,10.3390/ma18112446,https://doi.org/10.3390/ma18112446,https://www.mdpi.com/1996-1944/18/11/2446/pdf?version=1748002633,,,,,,,,,,,,
6,W4411446657,Generative AI for Tabular Data Synthesis,Alex X. Wang; Binh P. Nguyen; Colin R Simpson,2025,Lecture notes in computer science,conference-paper,1,10.1007/978-981-96-8183-9_28,https://doi.org/10.1007/978-981-96-8183-9_28,,,,,,,,,,,,,
6,W4411534953,Data Chameleon: A Self-adaptive Synthetic Data Management System,Qianying Liao; Maarten Kesters; Dimitri Van Landuyt; Wouter Joosen,2025,Lecture notes in computer science,conference-paper,1,10.1007/978-3-031-96590-6_3,https://doi.org/10.1007/978-3-031-96590-6_3,,,,,,,,,,,,,
6,W4412125311,Recurrent Neural Networks for Multivariate Loss Reserving and Risk Capital Analysis,Pengfei Cai; Anas Abdallah; Pratheepa Jeganathan,2025,North American Actuarial Journal,article,1,10.1080/10920277.2025.2517149,https://doi.org/10.1080/10920277.2025.2517149,https://www.tandfonline.com/doi/pdf/10.1080/10920277.2025.2517149?needAccess=true,,,,,,,,,,,,
6,W4413250041,SynthGuard: Redefining Synthetic Data Generation with a Scalable and Privacy-Preserving Workflow Framework,Eduardo Brito; Mahmoud Shoush; Kristian Tamm; Paula Etti; Liina Kamm,2025,Lecture notes in computer science,conference-paper,1,10.1007/978-3-032-00633-2_12,https://doi.org/10.1007/978-3-032-00633-2_12,https://link.springer.com/content/pdf/10.1007/978-3-032-00633-2_12.pdf,,,,,,,,,,,,
6,W4414051554,SafeGen: safeguarding privacy and fairness through a genetic method,Martina Cinquini; Marta Marchiori Manerba; Federico Mazzoni; Francesca Pratesi; Riccardo Guidotti,2025,Machine Learning,article,1,10.1007/s10994-025-06835-9,https://doi.org/10.1007/s10994-025-06835-9,https://link.springer.com/content/pdf/10.1007/s10994-025-06835-9.pdf,,,,,,,,,,,,
7,W4417131924,Leveraging Social Determinants of Health (SDoH) Knowledge Graph to Identify Latent Patterns in Veteran Suicide Risk,Chuming Chen; Fahmida Liza Piya; Joshua Rolnick; Suzanne A. Milbourne; Cathy Wu; Thomas M. Powers; J. García; Vinod K. Aggarwal; Aidong Zhang; Rahmatollah Beheshti,2025,,conference-paper,1,10.1109/bhi67747.2025.11269449,https://doi.org/10.1109/bhi67747.2025.11269449,,,,,,,,,,,,,
7,W4417132361,Enhancing the diagnosis of CVD and depression comorbidity through the augmentation of synthetic metabolomics data,Vasileios C. Pezoulas; Nikolaos S. Tachos; Georg Ehret; Kevin Dobretz; Dimitrios I. Fotiadis; Antonis I. Sakellarios,2025,,conference-paper,1,10.1109/bhi67747.2025.11269487,https://doi.org/10.1109/bhi67747.2025.11269487,,,,,,,,,,,,,
7,W7118190400,Benchmarking Statistical and Deep Generative Models for Privacy-Preserving Synthetic Student Data in Educational Data Mining,Georgios Kostopoulos; Maria Tsiakmaki; Sotiris Kotsiantis,2026,Algorithms,article,1,10.3390/a19010039,https://doi.org/10.3390/a19010039,https://www.mdpi.com/1999-4893/19/1/39/pdf,,,,,,,,,,,,
7,W7129045696,"Synthetic Data as a Catalyst: Applications in Healthcare, Environment, and Beyond",Vaibhavi Tiwari; Venkata Sai Ram Dasari; Krishanu Agrawal,2025,,conference-paper,1,10.1109/iemcon67450.2025.11381044,https://doi.org/10.1109/iemcon67450.2025.11381044,,,,,,,,,,,,,
7,W7134182951,When Privacy Isn't Synthetic: Hidden Data Leakage in Generative AI Models,S M Mustaquim; Anantaa Kotal; Paul H. Yi,2025,,conference-paper,1,10.1109/bigdata66926.2025.11401448,https://doi.org/10.1109/bigdata66926.2025.11401448,,,,,,,,,,,,,
7,W7137359182,STANet: Spatiotemporal Attention Network for Aflatoxin M1 Prediction in Raw Milk,Linlin Wang; Xiaodong Song; Haohan Ding; Xiaohui Cui; David I. Wilson; Wei Yu; Jianhua Zhang; Guanjun Dong,2026,Food and Bioprocess Technology,article,1,10.1007/s11947-026-04300-6,https://doi.org/10.1007/s11947-026-04300-6,,,,,,,,,,,,,
7,W7151574103,Divo: Learning a Stable and Effective Query Optimizer with a Diverse Workload,Tianyi Chen; Jun Gao; Yaofeng Tu; Yang Lin; Mo Xu; Yinjun Han,2026,Proceedings of the ACM on Management of Data,article,1,10.1145/3786641,https://doi.org/10.1145/3786641,,,,,,,,,,,,,
7,W7153343022,"Synthetic Data Augmentation for Imbalanced Tabular Protein Subcellular Localization: A Comparative Study of SMOTE, CTGAN, TVAE, and TabDDPM Methods",Ali Fatih Gündüz; Canan Batur Şahin,2026,Applied Sciences,article,1,10.3390/app16083694,https://doi.org/10.3390/app16083694,https://www.mdpi.com/2076-3417/16/8/3694/pdf?version=1775744394,,,,,,,,,,,,
7,W7164375909,Non-Invasive Blood Glucose Estimation from Exhaled Breath: Patient-Level Validation of a Compact Electronic Nose Approach,Alberto Gudiño-Ochoa; E. Ruı́z-Velázquez; Julio Alberto García-Rodríguez; Raquel Ochoa-Ornelas; Sofia Uribe-Toscano,2026,AI,article,1,10.3390/ai7060213,https://doi.org/10.3390/ai7060213,,,,,,,,,,,,,
7,W7167620694,Evaluating the quality of tabular synthetic data in health care,Ivana Nanevski; Maryam Mohebi; Sebastian Jäger; Karen Otte; Fabian Prasser; Matthias Schulte-Althoff; Daniel Fürstenau; Felix Biessmann,2026,PLOS Digital Health,article,1,10.1371/journal.pdig.0001522,https://doi.org/10.1371/journal.pdig.0001522,https://ec.europa.eu/justice/article-29/documentation/opinion-recommendation/files/2014/wp216_en.pdf,,,,,,,,,,,,
7,W3198579455,A Comparison of Machine Learning Methods for Extremely Unbalanced Industrial Quality Data,Pedro José Pereira; Adriana Soares Pereira; Paulo Cortez; André Pilastri,2021,Lecture notes in computer science,conference-paper,6,10.1007/978-3-030-86230-5_44,https://doi.org/10.1007/978-3-030-86230-5_44,,,,,,,,,,,,,
7,W4213447774,CHALLENGES AND OPPORTUNITIES FOR GENERATIVE METHODS IN THE CYBER DOMAIN,Marc W. Chalé; Nathaniel D. Bastian,2021,,conference-paper,5,10.1109/wsc52266.2021.9715504,https://doi.org/10.1109/wsc52266.2021.9715504,,,,,,,,,,,,,
7,W3166648667,Artificial datasets for hierarchical classification,Jonathan Serrano-Pérez; Luis Enrique Sucar,2021,Expert Systems with Applications,article,4,10.1016/j.eswa.2021.115218,https://doi.org/10.1016/j.eswa.2021.115218,,,,,,,,,,,,,
7,W4320521875,Smart Meter Synthetic Data Generator development in python using FBProphet,P. Ezhilarasi; L. Ramesh; Xiufeng Liu; Jens Bo Holm‐Nielsen,2023,Software Impacts,article,4,10.1016/j.simpa.2023.100468,https://doi.org/10.1016/j.simpa.2023.100468,,,,,,,,,,,,,
7,W3165379198,Machine learning predictions of COVID-19 second wave end-times in Indian states,Anvesh Reddy Kondapalli; Hanesh Koganti; Sai Krishna Challagundla; Chaitanya Suhaas Reddy Guntaka; Soumyajyoti Biswas,2021,Indian Journal of Physics,article,3,10.1007/s12648-021-02195-x,https://doi.org/10.1007/s12648-021-02195-x,https://link.springer.com/content/pdf/10.1007/s12648-021-02195-x.pdf,,,,,,,,,,,,
7,W4308722229,Mechanistic modeling as an explanatory tool for clinical treatment of chronic catatonia,Patrick D. Roberts; James Conour,2022,Frontiers in Pharmacology,article,3,10.3389/fphar.2022.1025417,https://doi.org/10.3389/fphar.2022.1025417,,,,,,,,,,,,,
7,W4309582925,A WGAN Approach to Synthetic TBM Data Generation,Paul J. Unterlaß; Georg H. Erharter; Alla Sapronova; Thomas Marcher,2022,Lecture notes in civil engineering,conference-paper,3,10.1007/978-3-031-20241-4_1,https://doi.org/10.1007/978-3-031-20241-4_1,,,,,,,,,,,,,
7,W4318147992,Performance Enhancement of Malware Classifiers Using Generative Adversarial Networks,Dong-Hwa Shin; Dae‐Hee Han; S.-H. Kyeong,2022,2022 IEEE International Conference on Big Data (Big Data),conference-paper,3,10.1109/bigdata55660.2022.10020505,https://doi.org/10.1109/bigdata55660.2022.10020505,,,,,,,,,,,,,
7,W4385831628,AutoNLP: A Framework for Automated Model Selection in Natural Language Processing,Shehan Saleem; Sapna Kumarapathirage,2023,,conference-paper,3,10.23919/cisti58278.2023.10212030,https://doi.org/10.23919/cisti58278.2023.10212030,,,,,,,,,,,,,
7,W4387430363,GenFair: A Genetic Fairness-Enhancing Data Generation Framework,Federico Mazzoni; Marta Marchiori Manerba; Martina Cinquini; Riccardo Guidotti; Salvatore Ruggieri,2023,Lecture notes in computer science,conference-paper,3,10.1007/978-3-031-45275-8_24,https://doi.org/10.1007/978-3-031-45275-8_24,,,,,,,,,,,,,
7,W4389537835,A comparison study on creating simulated patient data for individuals suffering from chronic coronary disorders,Angela Koloi; Vasileios S. Loukas; Antonis I. Sakellarios; Jos A. Bosch; Rick Quax; Karina Nowakowska; Nikolaos S. Tachos; Jakub Kaźmierski; Costas Papaloukas; Dimitrios I. Fotiadis,2023,,conference-paper,3,10.1109/embc40787.2023.10340194,https://doi.org/10.1109/embc40787.2023.10340194,,,,,,,,,,,,,
7,W4399086972,A Secure Data Publishing and Access Service for Sensitive Data from Living Labs: Enabling Collaboration with External Researchers via Shareable Data,Mikel Hernandez; Evdokimos Konstantinidis; Gorka Epelde; Francisco Londoño; Despoina Petsani; Michalis Timoleon; Vasiliki Fiska; Lampros Mpaltadoros; Christoniki Maga‐Nteve; Ilias Machairas; Panagiotis D. Bamidis,2024,Big Data and Cognitive Computing,article,3,10.3390/bdcc8060055,https://doi.org/10.3390/bdcc8060055,https://www.mdpi.com/2504-2289/8/6/55/pdf?version=1716883078,,,,,,,,,,,,
7,W4402494462,Generating Synthetic Data is Complicated: Know Your Data and Know Your Generator,Jonathan Latner; Marcel Neunhoeffer; Jörg Drechsler,2024,Lecture notes in computer science,conference-paper,3,10.1007/978-3-031-69651-0_8,https://doi.org/10.1007/978-3-031-69651-0_8,,,,,,,,,,,,,
7,W4205209438,MeTGAN: Memory Efficient Tabular GAN for High Cardinality Categorical Datasets,Shreyansh Singh; Kanishka Kayathwal; Hardik Wadhwa; Gaurav Dhama,2021,Communications in computer and information science,conference-paper,2,10.1007/978-3-030-92310-5_60,https://doi.org/10.1007/978-3-030-92310-5_60,,,,,,,,,,,,,
7,W4226334727,New Solutions to Biomedical Data Sharing: Secure Computation and Synthetic Data,Edwin Morley‐Fletcher,2022,Human perspectives in health sciences and technology,book-chapter,2,10.1007/978-3-030-74804-3_9,https://doi.org/10.1007/978-3-030-74804-3_9,,,,,,,,,,,,,
7,W4388483655,NaturalFuzz: Natural Input Generation for Big Data Analytics,Ahmad Humayun; Yaoxuan Wu; Miryung Kim; Muhammad Ali Gulzar,2023,,conference-paper,2,10.1109/ase56229.2023.00034,https://doi.org/10.1109/ase56229.2023.00034,,,,,,,,,,,,,
7,W4389728008,Advancements in Synthetic Data Extraction for Industrial Injection Molding,Rottenwalter Georg; T Marcel; Bielenberg Christian; Obermeier Katharina,2023,Lecture notes in computer science,conference-paper,2,10.1007/978-3-031-49011-8_43,https://doi.org/10.1007/978-3-031-49011-8_43,,,,,,,,,,,,,
7,W4401487755,Generation and deployment of honeytokens in relational databases for cyber deception,Nilin Prabhaker; Ghanshyam S. Bopche; Michael Arock,2024,Computers & Security,article,2,10.1016/j.cose.2024.104032,http://dx.doi.org/10.1016/j.cose.2024.104032,,,,,,,,,,,,,
7,W4406349143,A General Graph-Based Optimization Framework for Improving Safety and Comfort in Cycling Networks,Manuel Campero Jurado; Carlos Canudas de Wit; Giovanni De Nunzio; Rémi Mourgues,2024,,conference-paper,2,10.1109/itsc58415.2024.10920161,https://doi.org/10.1109/itsc58415.2024.10920161,,,,,,,,,,,,,
7,W4408280850,Utility Meets Privacy: A Critical Evaluation of Tabular Data Synthesizers,Julian Höllig; Michaela Geierhos,2025,IEEE Access,article,2,10.1109/access.2025.3549680,https://doi.org/10.1109/access.2025.3549680,,,,,,,,,,,,,
7,W2962819867,"Extending inverse frequent itemsets mining to generate realistic datasets: complexity, accuracy and emerging applications",Domenico Saccà; Edoardo Serra; Antonino Rullo,2019,Data Mining and Knowledge Discovery,article,5,10.1007/s10618-019-00643-1,https://doi.org/10.1007/s10618-019-00643-1,,,,,,,,,,,,,
7,W3201064181,Synthetic Tabular Data Generation with Oblivious Variational Autoencoders : Alleviating the Paucity of Personal Tabular Data for Open Research,Stanley Kok; Lakkamaneni Vivek Harsha Vardhan,2020,National University of Singapore,conference-paper,3,,https://scholarbank.nus.edu.sg/handle/10635/171693,,,,,,,,,,,,,
7,W4385705470,Dealing with Data Bias in Classification: Can Generated Data Ensure Representation and Fairness?,Manh Khoi Duong; Stefan Conrad,2023,Lecture notes in computer science,conference-paper,2,10.1007/978-3-031-39831-5_17,https://doi.org/10.1007/978-3-031-39831-5_17,,,,,,,,,,,,,
7,W4388050652,Role of Synthetic Data for Improved AI Accuracy,K. Chaitanya; Manas Kumar Yogi,2023,Journal of Artificial Intelligence and Capsule Networks,article,2,10.36548/jaicn.2023.3.008,https://doi.org/10.36548/jaicn.2023.3.008,,,,,,,,,,,,,
7,W4389195760,Exploring Privacy-Preserving Techniques on Synthetic Data as a Defense Against Model Inversion Attacks,Manel Slokom; Peter‐Paul de Wolf; Martha Larson,2023,Lecture notes in computer science,conference-paper,2,10.1007/978-3-031-49187-0_1,https://doi.org/10.1007/978-3-031-49187-0_1,,,,,,,,,,,,,
7,W4389315081,DP-PQD: Privately Detecting Per-Query Gaps in Synthetic Data Generated by Black-Box Mechanisms,Shweta Patwa; Danyu Sun; Amir Gilad; Ashwin Machanavajjhala; Sudeepa Roy,2023,Proceedings of the VLDB Endowment,article,2,10.14778/3617838.3617844,https://doi.org/10.14778/3617838.3617844,,,,,,,,,,,,,
7,W4400728109,Handling Imbalanced 5G and Beyond Network Tabular Data Using Conditional Generative Models,Jimena Andrade-Hoz; José M. Alcaraz Calero; Qi Wang,2024,,conference-paper,2,10.1109/iwcmc61514.2024.10592409,http://dx.doi.org/10.1109/iwcmc61514.2024.10592409,,,,,,,,,,,,,
7,W4401547081,Synthetic Time Series Generation for Decision Intelligence Using Large Language Models,Alexandru Grigoraș; Florin Leon,2024,Mathematics,article,2,10.3390/math12162494,https://doi.org/10.3390/math12162494,https://www.mdpi.com/2227-7390/12/16/2494/pdf?version=1723516841,,,,,,,,,,,,
7,W4403094411,SynC2S: An Efficient Method for Synthesizing Tabular Data With a Learnable Pre-Processing,Jiwoo Kim; Seri Park; Junsung Koh; D. Kim,2024,IEEE Access,article,2,10.1109/access.2024.3472706,https://doi.org/10.1109/access.2024.3472706,,,,,,,,,,,,,
7,W4385489772,The Impact of Synthetic Data on Membership Inference Attacks,Md Sakib Nizam Khan; Sonja Buchegger,2023,Lecture notes in computer science,conference-paper,1,10.1007/978-981-99-5177-2_6,https://doi.org/10.1007/978-981-99-5177-2_6,,,,,,,,,,,,,
7,W4393172116,Synthetic Oil Chromatographic Sample Generation for Electric Power Transformer Based on Causal GAN,Ma Zhenyuan; Fei Jiao; Fengda Zhang; Jiannan Xu,2023,,conference-paper,1,10.1109/icpe59729.2023.10469630,http://dx.doi.org/10.1109/icpe59729.2023.10469630,,,,,,,,,,,,,
7,W4396876339,Advancing Data Visualization: Integrating Privacy - Preserving Techniques in the Era of Big Data,Paraskumar Patel,2024,International Journal of Science and Research (IJSR),article,1,10.21275/sr24215084635,https://doi.org/10.21275/sr24215084635,http://dx.doi.org/10.21275/sr24215084635,,,,,,,,,,,,
7,W4399022044,Thinking in Categories: A Survey on Assessing the Quality for Time Series Synthesis,Michael Stenger; André Bauer; Thomas Prantl; Robert Leppich; Nathaniel Hudson; Kyle Chard; Ian Foster; Samuel Kounev,2024,Journal of Data and Information Quality,article,1,10.1145/3666006,https://doi.org/10.1145/3666006,https://dl.acm.org/doi/pdf/10.1145/3666006,,,,,,,,,,,,
7,W4401226666,Evaluating Tabular Data Generation Techniques on the DaFne Platform: Insights from a Predictive Maintenance Case Study on Bridges,Pramod Baddam; Ayşe Glass; René Jäkel; Jonathan Jander; Tom Krause; Pamela Kunert; Järg Rainer Noennig; Iryna Okhrin; Mariela Sánchez; Ulrike Steffens,2024,Lecture notes in networks and systems,conference-paper,1,10.1007/978-981-97-3289-0_49,https://doi.org/10.1007/978-981-97-3289-0_49,,,,,,,,,,,,,
7,W4401633523,QACDes: QoS-aware context-sensitive design of cyber-physical systems,Subhajit Sidhanta; Chanachok Chokwitthaya; Yimin Zhu; Supratik Mukhopadhyay,2024,Scientific Reports,article,1,10.1038/s41598-024-69371-x,https://doi.org/10.1038/s41598-024-69371-x,https://www.nature.com/articles/s41598-024-69371-x.pdf,,,,,,,,,,,,
7,W4402494889,Relational Or Single: A Comparative Analysis of Data Synthesis Approaches for Privacy and Utility on a Use Case from Statistical Office,Manel Slokom; Shruti Agrawal; Nynke C. Krol; Peter‐Paul de Wolf,2024,Lecture notes in computer science,conference-paper,1,10.1007/978-3-031-69651-0_27,https://doi.org/10.1007/978-3-031-69651-0_27,,,,,,,,,,,,,
7,W4403938193,Integrating Synthetic Data Modelling into an Adaptive Sampling Framework for IoT Devices,Faiga Alawad; Peter Herrmann; Vajira Thambawita,2024,,conference-paper,1,10.1109/ithings-greencom-cpscom-smartdata-cybermatics62450.2024.00068,https://doi.org/10.1109/ithings-greencom-cpscom-smartdata-cybermatics62450.2024.00068,,,,,,,,,,,,,
7,W4404336486,A multi-agent system to dynamically devise an LCA framework weighting system taking into account socio-technical and environmental consideration,Ali Ghoroghi; Yacine Rezgui; Ioan Petri; Thomas Beach; Jonathan Yeung; Afrouz Ghaemi,2024,Proceedings of the Royal Society A Mathematical Physical and Engineering Sciences,article,1,10.1098/rspa.2024.0125,https://doi.org/10.1098/rspa.2024.0125,https://royalsocietypublishing.org/rspa/article-pdf/doi/10.1098/rspa.2024.0125/899868/rspa.2024.0125.pdf,,,,,,,,,,,,
7,W4406612812,SIMDIFF: Modeling and Generation of Stochastic Discrete-Event Simulation Inputs via Denoising Probabilistic Diffusion Process,Fengwei Jia; Hongli Zhu; Fengyuan Jia; Xinyue Ren; Hongming Tan; Siqi Chen; Wai Kin Victor Chan,2024,,conference-paper,1,10.1109/wsc63780.2024.10838756,https://doi.org/10.1109/wsc63780.2024.10838756,,,,,,,,,,,,,
7,W4407691486,MediClass-RF: An Optimized Random Forest Framework for Medicinal Plant Classification with Feature Importance and Comprehensive Performance Evaluation,R Sapna; S N Sheshappa; S. Pravinth Raja; Preethi Preethi; Raghavendra M Devadas; Vani Hiremani,2024,,conference-paper,1,10.1109/mosicom63082.2024.10881547,https://doi.org/10.1109/mosicom63082.2024.10881547,,,,,,,,,,,,,
8,W4410636701,SampleLLM: Optimizing Tabular Data Synthesis in Recommendations,Jingtong Gao; Zhaocheng Du; Xiaopeng Li; Yichao Wang; Xiangyang Li; Huifeng Guo; Ruiming Tang; Xiangyu Zhao,2025,,conference-paper,1,10.1145/3701716.3715253,https://doi.org/10.1145/3701716.3715253,https://dl.acm.org/doi/pdf/10.1145/3701716.3715253,,,,,,,,,,,,
8,W4411091041,Differentially-private data synthetisation for efficient re-identification risk control,Tânia Carvalho; Nuno Moniz; Luís Antunes; Nitesh V. Chawla,2025,Machine Learning,article,1,10.1007/s10994-025-06799-w,https://doi.org/10.1007/s10994-025-06799-w,https://link.springer.com/content/pdf/10.1007/s10994-025-06799-w.pdf,,,,,,,,,,,,
8,W4411337861,CTGANs for Generating Synthetic Traffic Matrices in Wide Area Networks,Annalisa Navarro; Nataliia Koneva; Alfonso Sánchez‐Macián; José Alberto Hernández; Óscar González de Dios,2025,,conference-paper,1,10.23919/ondm65745.2025.11029340,https://doi.org/10.23919/ondm65745.2025.11029340,,,,,,,,,,,,,
8,W4411885280,Analysis of Microbiome for AP and CRC Discrimination,Alessio Rotelli; Ali Salman; Leandro Di Gloria; Giulia Nannini; Elena Niccolai; Alessio Luschi; Amedeo Amedei; Ernesto Iadanza,2025,Bioengineering,article,1,10.3390/bioengineering12070713,https://doi.org/10.3390/bioengineering12070713,,,,,,,,,,,,,
8,W4413164562,Comparative analysis of TGAN and other GAN models for synthetic earthquake data: a case study with data from Türkiye,Hayrullah Urcan; Emine Cengil; Murat Canayaz,2025,Natural Hazards,article,1,10.1007/s11069-025-07569-6,https://doi.org/10.1007/s11069-025-07569-6,,,,,,,,,,,,,
8,W4413457005,GReaTER: Generate Realistic Tabular data after data Enhancement and Reduction,Tsz-Ho Kwok; Chi‐Hua Wang; Guang Cheng,2025,,conference-paper,1,10.1109/icdew67478.2025.00032,https://doi.org/10.1109/icdew67478.2025.00032,,,,,,,,,,,,,
8,W4414260548,"Automated UAT for Regulated Payment Systems: Property-Based Testing, Synthetic Data Generation, and IFRS/GAAP Revenue-Recognition Validation Gates",Jennifer Amebleh; Otugene Victor Bamigwojo; Joy Onma Enyejo,2025,,article,1,10.38124/ijisrt/25sep331,https://doi.org/10.38124/ijisrt/25sep331,https://www.ijisrt.com/assets/upload/files/IJISRT25SEP331.pdf,,,,,,,,,,,,
8,W2949303297,A Model-Based Approach to Generate Dynamic Synthetic Test Data: A Conceptual Model,Chao Tan; Razieh Behjati; Erik Arisholm,2019,,conference-paper,3,10.1109/icstw.2019.00026,https://doi.org/10.1109/icstw.2019.00026,,,,,,,,,,,,,
8,W2954173771,"Distribution-Driven, Embedded Synthetic Data Generation System and Tool for RDBMS",Joseph W. Hu; Ivan T. Bowman; Anisoara Nica; Anil K. Goel,2019,,conference-paper,3,10.1109/icdew.2019.00-25,https://doi.org/10.1109/icdew.2019.00-25,,,,,,,,,,,,,
8,W2782367080,Privacy Preserving Network Security Data Analytics: Architectures and System Design,Mark E. DeYoung; Philip Kobezak; David Raymond; Randy Marchany; Joseph G. Tront,2018,Proceedings of the ... Annual Hawaii International Conference on System Sciences/Proceedings of the Annual Hawaii International Conference on System Sciences,conference-paper,2,10.24251/hicss.2018.569,https://doi.org/10.24251/hicss.2018.569,http://scholarspace.manoa.hawaii.edu/bitstream/10125/50458/1/paper0571.pdf,,,,,,,,,,,,
8,W2802276339,Generation and management of training data for AI-based algorithms targeted at coalition operations,Dinesh Verma; Greg Cirincione; Tien Pham; Bong Jun Ko,2018,,conference-paper,2,10.1117/12.2305244,https://doi.org/10.1117/12.2305244,,,,,,,,,,,,,
8,W2949704935,A Model-Based Approach to Generate Dynamic Synthetic Test Data,Chao Tan,2019,,conference-paper,2,10.1109/icst.2019.00063,https://doi.org/10.1109/icst.2019.00063,,,,,,,,,,,,,
8,W3088446897,Synthetic Benchmarks for Genetic Improvement,Aymeric Blot; Justyna Petke,2020,,conference-paper,2,10.1145/3387940.3392175,https://doi.org/10.1145/3387940.3392175,,,,,,,,,,,,,
8,W3200357704,CuRL: Coupled Representation Learning of Cards and Merchants to Detect Transaction Frauds,Maitrey Gramopadhye; Shreyansh Singh; Kushagra Agarwal; Nitish Srivasatava; Alok Mani Singh; Siddhartha Asthana; Ankur Arora,2021,Lecture notes in computer science,conference-paper,2,10.1007/978-3-030-86383-8_2,https://doi.org/10.1007/978-3-030-86383-8_2,,,,,,,,,,,,,
8,W3176199640,Perspective and Experiences of Decision Support Systems (DSS) and AI in Prevention and Care for Older Adults,Silvia Orte; Paula Subías-Beltrán; Eloisa Vargiu; Felip Miralles,2021,Research for development,book-chapter,1,10.1007/978-3-030-72663-8_7,https://doi.org/10.1007/978-3-030-72663-8_7,,,,,,,,,,,,,
8,W4206999021,"Training, Testing and Validation Challenges for Next Generation AI/ML-Based Intelligent Wireless Networks",B. Raghothaman,2021,IEEE Wireless Communications,article,1,10.1109/mwc.2021.9690485,https://doi.org/10.1109/mwc.2021.9690485,https://ieeexplore.ieee.org/ielx7/7742/9690141/09690485.pdf,,,,,,,,,,,,
8,W4235918615,On Reducing Misclassifications and Error on CART Models using Rtosynr Dataset for Improved Debit Card Fraud Detection,,2019,International journal of research studies in computer science and engineering,article,1,10.20431/2349-4859.0604002,https://doi.org/10.20431/2349-4859.0604002,https://doi.org/10.20431/2349-4859.0604002,,,,,,,,,,,,
8,W4291910009,Real-Time Data Generation and Anomaly Detection for Security User Profiles,Iman I. M. Abu Sulayman; Abdelkader Ouda,2022,"2022 International Symposium on Networks, Computers and Communications (ISNCC)",conference-paper,1,10.1109/isncc55209.2022.9851718,https://doi.org/10.1109/isncc55209.2022.9851718,,,,,,,,,,,,,
8,W4301594996,Simulation of Telemetry Signals of a Car Using Machine Learning,Santhosh Kumar Vijaya Kumar; Sushovan Chakraborty; Krishna Revi; Rahul Munet,2022,SAE International Journal of Advances and Current Practices in Mobility,article,1,10.4271/2022-28-0361,https://doi.org/10.4271/2022-28-0361,,,,,,,,,,,,,
8,W4315783370,A text analysis model based on Probabilistic-KG,Jian Yu; Xueqi Yang; Xiong Chen,2022,"2022 IEEE International Conference on Networking, Sensing and Control (ICNSC)",conference-paper,1,10.1109/icnsc55942.2022.10004155,http://dx.doi.org/10.1109/icnsc55942.2022.10004155,,,,,,,,,,,,,
8,W4323663701,Leveraging Adversarial Samples for Enhanced Classification of Malicious and Evasive PDF Files,Fouad Trad; Ali Hussein; Ali Chehab,2023,Applied Sciences,article,1,10.3390/app13063472,https://doi.org/10.3390/app13063472,https://www.mdpi.com/2076-3417/13/6/3472/pdf?version=1678434920,,,,,,,,,,,,
8,W4387982429,Comparison of Machine Learning Techniques for Grade Classification of Exported Cavendish Bananas,Junanto Prihantoro; Dhika Rizki Anbiya; Galuh Prihantoro; Erwin Nashrullah; Zaid Cahya; Riza Riza,2023,,conference-paper,1,10.1109/icodse59534.2023.10291592,https://doi.org/10.1109/icodse59534.2023.10291592,,,,,,,,,,,,,
8,W4390467253,Applying a Method for Augmenting Data Mixed from Two Different Sources Using Deep Generative Neural Networks to Management Science,Shinya Watanuki; Yumiko Nomura; Y. Kiyota; Minami Kubo; Kenji Fujimoto; Junko Okada; Katsue Edo,2023,Applied Sciences,article,1,10.3390/app14010378,https://doi.org/10.3390/app14010378,https://www.mdpi.com/2076-3417/14/1/378/pdf?version=1704011395,,,,,,,,,,,,
8,W4392510002,Algorithm-Based Data Generation (ADG) Engine for Dual-Mode User Behavioral Data Analytics,Iman I. M. Abu Sulayman; Peter Voege; Abdelkader Ouda,2024,Information,article,1,10.3390/info15030146,https://doi.org/10.3390/info15030146,https://www.mdpi.com/2078-2489/15/3/146/pdf?version=1709717450,,,,,,,,,,,,
8,W4406313065,Regression tools for chemical release modeling: An additive manufacturing case study,David E. Meyer; Raymond L. Smith; Elizabeth Lanphear; Sudhakar Takkellapati; John D. Chea; Gerardo J. Ruiz‐Mercado; Michael A. Gonzalez; William M. Barrett,2025,Journal of Occupational and Environmental Hygiene,article,1,10.1080/15459624.2024.2447320,https://doi.org/10.1080/15459624.2024.2447320,,,,,,,,,,,,,
8,W2902901670,Synthesizing Tabular Data using Generative Adversarial Networks,Lei Xu; Kalyan Veeramachaneni,2018,arXiv (Cornell University),preprint,220,10.48550/arxiv.1811.11264,http://arxiv.org/abs/1811.11264,https://arxiv.org/pdf/1811.11264,,,,,,,,,,,,
8,W2899991543,A Survey on Data Collection for Machine Learning: a Big Data -- AI Integration Perspective,Yuji Roh; Geon Heo; Steven Euijong Whang,2018,arXiv (Cornell University),preprint,152,10.48550/arxiv.1811.03402,http://arxiv.org/abs/1811.03402,https://arxiv.org/pdf/1811.03402,,,,,,,,,,,,
8,W2954395498,Modeling Tabular data using Conditional GAN,Lei Xu; Maria Skoularidou; Alfredo Cuesta‐Infante; Kalyan Veeramachaneni,2019,arXiv (Cornell University),preprint,94,10.48550/arxiv.1907.00503,http://arxiv.org/abs/1907.00503,https://arxiv.org/pdf/1907.00503,,,,,,,,,,,,
8,W3120369609,Copula Flows for Synthetic Data Generation,Sanket Kamthe; Samuel Assefa; Marc Peter Deisenroth,2021,arXiv (Cornell University),preprint,38,10.48550/arxiv.2101.00598,http://arxiv.org/abs/2101.00598,https://arxiv.org/pdf/2101.00598,,,,,,,,,,,,
8,W2883181704,Airline Passenger Name Record Generation using Generative Adversarial Networks,Alejandro Mottini; Alix Lhéritier; Rodrigo Acuña-Agost,2018,arXiv (Cornell University),preprint,32,10.48550/arxiv.1807.06657,http://arxiv.org/abs/1807.06657,https://arxiv.org/pdf/1807.06657,,,,,,,,,,,,
8,W4379875794,A synthetic dataset of Danish residential electricity prosumers,Rui Yuan; S. Ali Pourmousavi; Wen L. Soong; Andrew J. Black; Jon A. R. Liisberg; Julián Lemos-Vinasco,2023,Scientific Data,data-paper,23,10.1038/s41597-023-02271-3,https://doi.org/10.1038/s41597-023-02271-3,https://www.nature.com/articles/s41597-023-02271-3.pdf,,,,,,,,,,,,
8,W3101955189,Synthetic Data -- A Privacy Mirage,Theresa Stadler; Bristena Oprisanu; Carmela Troncoso,2020,arXiv (Cornell University),preprint,22,,https://arxiv.org/pdf/2011.07018,,,,,,,,,,,,,
8,W2950002763,Copulas as High-Dimensional Generative Models: Vine Copula Autoencoders,Nataša Tagasovska; Damien Ackerer; Thibault Vatter,2019,arXiv (Cornell University),preprint,20,10.48550/arxiv.1906.05423,http://arxiv.org/abs/1906.05423,https://arxiv.org/pdf/1906.05423,,,,,,,,,,,,
8,W4387133808,A synthetic data set to benchmark anti-money laundering methods,Rasmus Ingemann Tuffveson Jensen; Joras Ferwerda; Kristian Sand Jørgensen; Erik Rathje Jensen; Martin Borg; Morten Krogh; Jonas Brunholm Jensen; Alexandros Iosifidis,2023,Scientific Data,data-paper,19,10.1038/s41597-023-02569-2,https://doi.org/10.1038/s41597-023-02569-2,https://www.nature.com/articles/s41597-023-02569-2.pdf,,,,,,,,,,,,
8,W4225690829,Bayesboost: Identifying and Handling Bias Using Synthetic Data Generators,Barbara Draghi; Zhenchen Wang; Puja Myles; Allan Tucker,2022,SSRN Electronic Journal,preprint,16,10.2139/ssrn.4052302,https://doi.org/10.2139/ssrn.4052302,,,,,,,,,,,,,
8,W3102373432,Synthetic Observational Health Data with GANs: from slow adoption to a boom in medical research and ultimately digital twins?,Jeremy Georges-Filteau; Elisa Cirillo,2020,,preprint,14,10.22541/au.158921777.79483839/v2,https://doi.org/10.22541/au.158921777.79483839/v2,,,,,,,,,,,,,
8,W4389475898,RCT-Twin-GAN Generates Digital Twins of Randomized Control Trials Adapted to Real-world Patients to Enhance their Inference and Application,Phyllis Thangaraj; Sumukh Vasisht Shankar; Evangelos K. Oikonomou; Rohan Khera,2023,medRxiv,preprint,14,10.1101/2023.12.06.23299464,https://doi.org/10.1101/2023.12.06.23299464,https://www.medrxiv.org/content/medrxiv/early/2023/12/15/2023.12.06.23299464.full.pdf,,,,,,,,,,,,
8,W3110708525,Copula-based synthetic data generation for machine learning emulatorsin weather and climate: application to a simple radiation model,David E. Meyer; Thomas Nagler; Robin J. Hogan,2021,,preprint,12,10.5194/gmd-2020-427,https://doi.org/10.5194/gmd-2020-427,https://doi.org/10.5194/gmd-2020-427,,,,,,,,,,,,
8,W3082241024,Relational Data Synthesis using Generative Adversarial Networks: A Design Space Exploration,Ju Fan; Tongyu Liu; Guoliang Li; Junyou Chen; Yuwei Shen; Xiaoyong Du,2020,arXiv (Cornell University),preprint,11,10.48550/arxiv.2008.12763,http://arxiv.org/abs/2008.12763,https://arxiv.org/pdf/2008.12763,,,,,,,,,,,,
8,W4253468694,Synthetic Observational Health Data with GANs: from slow adoption to a boom in medical research and ultimately digital twins?,Jeremy Georges-Filteau; Elisa Cirillo,2020,Research Square,preprint,8,10.21203/rs.3.rs-116297/v2,https://doi.org/10.21203/rs.3.rs-116297/v2,,,,,,,,,,,,,
8,W4393187537,A Novel Digital Twin Strategy to Examine the Implications of Randomized Clinical Trials for Real-World Populations,Phyllis Thangaraj; Sumukh Vasisht Shankar; Sicong Huang; Girish N. Nadkarni; Bobak J. Mortazavi; Evangelos K. Oikonomou; Rohan Khera,2024,medRxiv,preprint,8,10.1101/2024.03.25.24304868,https://doi.org/10.1101/2024.03.25.24304868,https://www.medrxiv.org/content/medrxiv/early/2024/03/26/2024.03.25.24304868.full.pdf,,,,,,,,,,,,
8,W3048079658,Partially Synthetic Data for Recommender Systems: Prediction Performance and Preference Hiding,Manel Slokom; Martha A. Larson; Alan Hanjalić,2020,arXiv (Cornell University),preprint,7,10.48550/arxiv.2008.03797,http://arxiv.org/abs/2008.03797,https://arxiv.org/pdf/2008.03797,,,,,,,,,,,,
8,W4386715067,Predictive Modeling of Clinical Trial Outcomes for Novel Drugs using Digital Twin Patient Cohorts and GenerativeAI,Dmitrii K. Chebanov; V. A. Misyurin,2023,medRxiv,preprint,7,10.1101/2023.09.11.23295380,https://doi.org/10.1101/2023.09.11.23295380,https://www.medrxiv.org/content/medrxiv/early/2023/09/12/2023.09.11.23295380.full.pdf,,,,,,,,,,,,
8,W3164762827,"FFPDG: Fast, Fair and Private Data Generation",Weijie Xu; Jinjin Zhao; Francis Iannacci; Bo Wang,2023,arXiv (Cornell University),preprint,5,10.48550/arxiv.2307.00161,http://arxiv.org/abs/2307.00161,https://arxiv.org/pdf/2307.00161,,,,,,,,,,,,
8,W4400310893,Flooddamagecast: Building Flood Damage Nowcasting with Machine Learning and Data Augmentation,Chia-Fu Liu; Lipai Huang; Kai Yin; Sam Brody; Ali Mostafavi,2024,SSRN Electronic Journal,preprint,5,10.2139/ssrn.4885712,https://doi.org/10.2139/ssrn.4885712,,,,,,,,,,,,,
8,W4399385210,Enhancing AutoML Performance for Imbalanced Tabular Data Classification: A Self-Balancing Pipeline,Marcelo Vinícius Cysneiros Aragão; Mateus de Freitas Carvalho; Tiago de M. Pereira; Felipe A. P. de Figueiredo; Samuel Mafra,2024,Research Square,preprint,3,10.21203/rs.3.rs-4469436/v1,https://doi.org/10.21203/rs.3.rs-4469436/v1,https://www.researchsquare.com/article/rs-4469436/latest.pdf,,,,,,,,,,,,
8,W2989817442,Novel applications of Machine Learning to Network Traffic Analysis and Prediction,Manuel López Martín,2019,,dissertation,2,10.35376/10324/39457,https://doi.org/10.35376/10324/39457,https://uvadoc.uva.es/bitstream/10324/39457/1/Tesis1639-191125.pdf,,,,,,,,,,,,
8,W3008976866,PrivGen: Preserving Privacy of Sequences Through Data Generation,Sigal Shaked; Lior Rokach,2020,arXiv (Cornell University),preprint,2,10.48550/arxiv.2002.09834,http://arxiv.org/abs/2002.09834,https://arxiv.org/pdf/2002.09834,,,,,,,,,,,,
8,W3127113644,Generating Synthetic Text Data to Evaluate Causal Inference Methods,Zach Wood-Doughty; Ilya Shpitser; Mark Dredze,2021,arXiv (Cornell University),preprint,2,10.48550/arxiv.2102.05638,http://arxiv.org/abs/2102.05638,https://arxiv.org/pdf/2102.05638,,,,,,,,,,,,
8,W3158041980,Estimation of local time-varying reproduction numbers in noisy surveillance data,Wenrui Li; Katia Bulekova; Brian Gregor; Laura F. White; Eric D. Kolaczyk,2021,medRxiv,preprint,2,10.1101/2021.04.23.21255958,https://doi.org/10.1101/2021.04.23.21255958,https://www.medrxiv.org/content/medrxiv/early/2021/04/27/2021.04.23.21255958.full.pdf,,,,,,,,,,,,
9,W3200712921,Generative Quantum Learning of Joint Probability Distribution Functions,Elton Yechao Zhu; Sonika Johri; Dave Bacon; Mert Esencan; Jungsang Kim; Mark Muir; Nikhil Murgai; Jason Nguyen; Neal C. Pisenti; Adam Schouela; Ksenia Sosnova; Ken Wright,2021,arXiv (Cornell University),preprint,2,10.48550/arxiv.2109.06315,http://arxiv.org/abs/2109.06315,https://arxiv.org/pdf/2109.06315,,,,,,,,,,,,
9,W4385144051,Infrastructure for synthetic health data,Núria Queralt-Rosiñach; Basel Alshaikhdeeb; Luca Bolzani; Muhammad Shoaib; Marcos Casado Barbero; Sergi Aguiló‐Castillo; Davide Cirillo; Leyla Jael Castro; Ginger Tsueng; Matúš Kalaš; Magnus Palmblad; Danielle Welter; et al.,2023,,preprint,2,10.37044/osf.io/q4zgx,http://dx.doi.org/10.37044/osf.io/q4zgx,https://osf.io/q4zgx/download,,,,,,,,,,,,
9,W4212856352,Synthetic Data Guided Breast Cancer Diagnosis and Prognosis Using Integrated Deep Framework,Muhammad Sakib Khan Inan; Sohrab Hossain; Mohammed Nazim Uddin,2022,SSRN Electronic Journal,preprint,1,10.2139/ssrn.4014276,https://doi.org/10.2139/ssrn.4014276,,,,,,,,,,,,,
9,W4237786962,Synthetic Observational Health Data with GANs: from slow adoption to a boom in medical research and ultimately digital twins?,Jeremy Georges-Filteau; Elisa Cirillo,2020,Research Square,preprint,1,10.21203/rs.3.rs-116297/v1,https://doi.org/10.21203/rs.3.rs-116297/v1,https://www.researchsquare.com/article/rs-116297/v1.pdf?c=1606797528000,,,,,,,,,,,,
9,W4280494082,"Patient-centric synthetic data generation, no reason to risk re-identification in the analysis of biomedical pseudonymised data",Morgan Guillaudeux; Olivia Rousseau; Julien Petot; Zineb Bennis; Charles-Axel Dein; Thomas Goronflot; Matilde Karakachoff; Sophie Limou; Nicolas Vince; Matthieu Wargny; Pierre‐Antoine Gourraud,2022,Research Square,preprint,1,10.21203/rs.3.rs-1674043/v1,https://doi.org/10.21203/rs.3.rs-1674043/v1,https://www.researchsquare.com/article/rs-1674043/latest.pdf,,,,,,,,,,,,
9,W4283822385,Synthetic Observational Health Data with GANs: from slow adoption to a boom in medical research and ultimately digital twins?,Jeremy Georges-Filteau; Elisa Cirillo,2022,Research Square,preprint,1,10.21203/rs.3.rs-116297/v3,https://doi.org/10.21203/rs.3.rs-116297/v3,https://www.researchsquare.com/article/rs-116297/latest.pdf,,,,,,,,,,,,
9,W4301595725,Comprehensive monitoring of tissue composition using in vivo imaging of cell nuclei and deep learning,Amrita Gupta; Jennifer John; Livia Asan; Carlo A. Beretta; Thomas Kuner; Johannes Knabbe,2022,bioRxiv (Cold Spring Harbor Laboratory),preprint,1,10.1101/2022.10.03.510670,https://doi.org/10.1101/2022.10.03.510670,https://www.biorxiv.org/content/biorxiv/early/2022/10/05/2022.10.03.510670.full.pdf,,,,,,,,,,,,
9,W4396713151,Generating Synthetic Data with Locally Estimated Distributions for Disclosure Control,Ali Furkan Kalay,2024,SSRN Electronic Journal,preprint,1,10.2139/ssrn.4820169,https://doi.org/10.2139/ssrn.4820169,,,,,,,,,,,,,
9,W4406334736,A diagnostic support system based on interpretable machine learning and oscillometry for accurate diagnosis of respiratory dysfunction in silicosis,Jorge Amaral; Cíntia Moraes de Sá Sousa; Caroline Oliveira Ribeiro; Paula Morisco de Sá; Agnaldo José Lopes; Pedro Lopes de Melo,2025,bioRxiv (Cold Spring Harbor Laboratory),preprint,1,10.1101/2025.01.08.632001,https://doi.org/10.1101/2025.01.08.632001,https://www.biorxiv.org/content/biorxiv/early/2025/01/13/2025.01.08.632001.full.pdf,,,,,,,,,,,,
9,W4406599337,Evaluation of Generative AI Models for Processing Single-Cell RNA-Sequencing Data in Human Pancreatic Tissue,Sultan Sevgi Turgut Ögme; Nizamettin Aydın; Zeyneb Kurt,2025,bioRxiv (Cold Spring Harbor Laboratory),preprint,1,10.1101/2025.01.15.633192,https://doi.org/10.1101/2025.01.15.633192,,,,,,,,,,,,,
9,W4407365695,SampleLLM: Optimizing Tabular Data Synthesis in Recommendations,Jingtong Gao; Zhaocheng Du; Xiaopeng Li; Yichao Wang; Xiangyang Li; Huifeng Guo; Ruiming Tang; Xiangyu Zhao,2025,Qeios,preprint,1,10.32388/a9u1sh,https://doi.org/10.32388/a9u1sh,https://www.qeios.com/read/A9U1SH/pdf,,,,,,,,,,,,
9,W4409653710,The Value of Data in the Digital Economy: Investigating the Economic Consequences of Personal Information Protection,Sipeng Zeng; Wang Jin; Tianshu Sun,2025,SSRN Electronic Journal,preprint,1,10.2139/ssrn.5147162,https://doi.org/10.2139/ssrn.5147162,,,,,,,,,,,,,
9,W4414332451,Comparison of Three Anonymization Tools for a Health Fitness Study,Paul Francis; Gregor Jurak; Bojan Leskošek; Karen Otte; Fabian Praßer,2025,Scientific Data,data-paper,1,10.1038/s41597-025-05823-x,https://doi.org/10.1038/s41597-025-05823-x,,,,,,,,,,,,,
9,W7152481544,Validated Synthetic Data Generation from a Multicenter Spine Surgery Registry: Methodology and Benchmark,Vincent Challier; Clément Jacquemin; Bassel Diebo; Nassim Dehouche; Anton Denisov; Joseph Cristini; Mathieu Campana; Jean-Etienne Castelain; G. Lonjon; Virginie Lafage; Soufiane Ghailane,2026,medRxiv,preprint,1,10.64898/2026.04.07.26350316,https://doi.org/10.64898/2026.04.07.26350316,,,,,,,,,,,,,
9,W2766881560,A Self-Training Method for Semi-Supervised GANs,Alan Do-Omri; Dalei Wu; Xiaohua Liu,2017,arXiv (Cornell University),preprint,0,10.48550/arxiv.1710.10313,http://arxiv.org/abs/1710.10313,https://arxiv.org/pdf/1710.10313,,,,,,,,,,,,
9,W2782648987,Implementation and Analysis of Novel Clustering Algorithm Without Initial Value Selection for Software Architectural Styles Data Set,Qadeem Khan; Usman Qamar; Wasi Haider Butt; Saad Rehman,2017,,conference-paper,0,10.1109/fit.2017.00019,https://doi.org/10.1109/fit.2017.00019,,,,,,,,,,,,,
9,W2890240313,Augmenting High-Dimensional Data with Deep Generative Models,Mårten Nilsson,2018,KTH Publication Database DiVA (KTH Royal Institute of Technology),dissertation,0,,http://urn.kb.se/resolve?urn=urn:nbn:se:kth:diva-233969,,,,,,,,,,,,,
9,W2891524634,A collaborative framework for tweaking properties in a synthetic dataset,J. W. Zhang; Yu Wang; Y. C. Tay,2018,Proceedings of the VLDB Endowment,article,0,10.14778/3229863.3236247,https://doi.org/10.14778/3229863.3236247,,,,,,,,,,,,,
9,W2949262520,A Collaborative Framework for Similarity Enforcement in Synthetic Scaling of Relational Datasets,Jiangwei W. Zhang; Y. C. Tay,2019,,conference-paper,0,10.1109/icde.2019.00173,https://doi.org/10.1109/icde.2019.00173,,,,,,,,,,,,,
9,W2949576189,Together or Alone: The Price of Privacy in Collaborative Learning,Balázs Pejó; Qiang Tang; Gergely Biczók,2017,arXiv (Cornell University),preprint,0,10.48550/arxiv.1712.00270,http://arxiv.org/abs/1712.00270,https://arxiv.org/pdf/1712.00270,,,,,,,,,,,,
9,W2981612940,Clustering Methodology in Mixed Data Sets,Jacobo Gerardo González León; Félix Mata,2019,Communications in computer and information science,conference-paper,0,10.1007/978-3-030-33229-7_13,https://doi.org/10.1007/978-3-030-33229-7_13,,,,,,,,,,,,,
9,W3013622394,Sequence Preserving Network Traffic Generation,Sigal Shaked; Amos Zamir; Roman Vainshtein; Moshe Unger; Lior Rokach; Rami Puzis; Bracha Shapira,2020,arXiv (Cornell University),preprint,0,10.48550/arxiv.2002.09832,http://arxiv.org/abs/2002.09832,https://arxiv.org/pdf/2002.09832,,,,,,,,,,,,
9,W3015793092,Machine Learning Techniques to Analyze Operator’s Behavior,Sai Srivatsava Manchala; Erik Berglund; Julia Sidorova,2020,Sovremennye informacionnye tehnologii i IT-obrazovanie.,article,0,10.25559/sitito.16.202001.99-107,https://doi.org/10.25559/sitito.16.202001.99-107,http://sitito.cs.msu.ru/index.php/SITITO/article/download/627/658,,,,,,,,,,,,
9,W3095765839,Synthetic Data Generation for Economists,Allison Koenecke; Hal R. Varian,2020,RePEc: Research Papers in Economics,preprint,0,10.48550/arxiv.2011.01374,http://arxiv.org/pdf/2011.01374,http://arxiv.org/pdf/2011.01374,,,,,,,,,,,,
9,W3127994607,On Synthesizing Network Traces – Case Studies in Network Steganalysis and Packet Analysis,Sathiamoorthy Manoharan; Giovanni Russello; Jun O Seo; Ulrich Speidel; Asil Stanikzai,2020,,conference-paper,0,10.1109/ains50155.2020.9315093,https://doi.org/10.1109/ains50155.2020.9315093,,,,,,,,,,,,,
9,W3137275046,Generating Annotated Training Data for 6D Object Pose Estimation in Operational Environments with Minimal User Interaction,Paul Koch; Marian Schlüter; Serge Thill,2021,arXiv (Cornell University),preprint,0,10.48550/arxiv.2103.09696,http://arxiv.org/abs/2103.09696,https://arxiv.org/pdf/2103.09696,,,,,,,,,,,,
9,W3150358680,CrowdTeacher: Robust Co-teaching with Noisy Answers and Sample-Specific Perturbations for Tabular Data,Mani Sotoodeh; Li Xiong; Joyce Ho,2021,Lecture notes in computer science,conference-paper,0,10.1007/978-3-030-75765-6_15,https://doi.org/10.1007/978-3-030-75765-6_15,,,,,,,,,,,,,
9,W3165622890,Generating Enriched Synthetic German Hospital Claims Data – A Use Case Driven Approach,Sven Helfer; M. Kümmel; Franziska Bathelt; Martin Sedlmayr,2021,Studies in health technology and informatics,book-chapter,0,10.3233/shti210051,https://doi.org/10.3233/shti210051,https://ebooks.iospress.nl/pdf/doi/10.3233/SHTI210051,,,,,,,,,,,,
9,W3168628960,Data Generation Methods for Multi-Label Images of LEGO Bricks,B. de Kam,2020,Research Repository (Delft University of Technology),dissertation,0,,http://resolver.tudelft.nl/uuid:5a7acca4-3c2f-4d5f-841f-dcb7a2ed007e,http://resolver.tudelft.nl/uuid:5a7acca4-3c2f-4d5f-841f-dcb7a2ed007e,,,,,,,,,,,,
9,W3203755231,Implicit Generative Copulas,Tim Janke; Mohamed Ghanmi; Florian Steinke,2021,TUbilio (Technical University of Darmstadt),article,0,10.48550/arxiv.2109.14567,http://tubiblio.ulb.tu-darmstadt.de/view/person/Janke=3ATim=3A=3A.html>,,,,,,,,,,,,,
9,W4200373952,A multi-dimensional quality comparison of synthetic data generators (Preprint),Fida K. Dankar; Mahmoud Ibrahim; Leila Ismail,2021,,preprint,0,10.2196/preprints.34269,https://doi.org/10.2196/preprints.34269,,,,,,,,,,,,,
9,W4231298806,Reply on RC3,David J. Meyer,2021,,peer-review,0,10.5194/gmd-2020-427-ac4,https://doi.org/10.5194/gmd-2020-427-ac4,https://gmd.copernicus.org/articles/14/5205/2021/gmd-14-5205-2021.pdf,,,,,,,,,,,,
9,W4232337976,Comment on gmd-2020-427,"Meyer, David; Nagler, Thomas; Hogan, Robin J.",2021,,peer-review,0,10.5194/gmd-2020-427-rc3,https://doi.org/10.5194/gmd-2020-427-rc3,,,,,,,,,,,,,
9,W4235986693,Reply on RC3,"David J. Meyer; Nagler, Thomas; Hogan, Robin J.",2021,,peer-review,0,10.5194/gmd-2020-427-ac3,https://doi.org/10.5194/gmd-2020-427-ac3,,,,,,,,,,,,,
9,W4237426108,Reply on RC2,"David J. Meyer; Nagler, Thomas; Hogan, Robin J.",2021,,peer-review,0,10.5194/gmd-2020-427-ac2,https://doi.org/10.5194/gmd-2020-427-ac2,,,,,,,,,,,,,
9,W4245546619,Comment on gmd-2020-427,"Meyer, David; Nagler, Thomas; Hogan, Robin J.",2021,,peer-review,0,10.5194/gmd-2020-427-rc1,https://doi.org/10.5194/gmd-2020-427-rc1,,,,,,,,,,,,,
9,W4246665975,Comment on gmd-2020-427,"Meyer, David; Nagler, Thomas; Hogan, Robin J.",2021,,peer-review,0,10.5194/gmd-2020-427-rc2,https://doi.org/10.5194/gmd-2020-427-rc2,,,,,,,,,,,,,
9,W4250696226,A Validation Study for Medical Research Based on Synthetic Hospital Data (Preprint),Anat Reiner‐Benaim; Ronit Almog; Yuri Gorelik; Irit Hochberg; Laila Nassar; Tanya Mashiach; Mogher Khamaisi; Yael Lurie; Zaher S. Azzam; Johad Khoury; Daniel Kurnik; Rafael Beyar,2019,,preprint,0,10.2196/preprints.16492,https://doi.org/10.2196/preprints.16492,,,,,,,,,,,,,
9,W4252341863,Reply on RC1,"David J. Meyer; Nagler, Thomas; Hogan, Robin J.",2021,,peer-review,0,10.5194/gmd-2020-427-ac1,https://doi.org/10.5194/gmd-2020-427-ac1,,,,,,,,,,,,,
9,W4313116950,Membership Inference Countermeasure With A Partially Synthetic Data Approach,Wakana Maeda; Yuji Higuchi; Kazuhiro Minami; Ikuya Morikawa,2022,,conference-paper,0,10.1109/icdis55630.2022.00063,https://doi.org/10.1109/icdis55630.2022.00063,,,,,,,,,,,,,
9,W4375864277,An algorithm for drug discovery based on deep learning with an example of developing a drug for the treatment of lung cancer,Dmitrii K. Chebanov; V. A. Misyurin; И. Ж. Шубина,2023,bioRxiv (Cold Spring Harbor Laboratory),preprint,0,10.1101/2023.05.07.538843,https://doi.org/10.1101/2023.05.07.538843,https://www.biorxiv.org/content/biorxiv/early/2023/05/07/2023.05.07.538843.full.pdf,,,,,,,,,,,,
9,W4386014911,Fire Resistance Analysis Through Synthetic Fire Tests,Aybike Özyüksel Çiftçioğlu; M.Z. Naser,2023,Communications in computer and information science,conference-paper,0,10.1007/978-3-031-40395-8_14,https://doi.org/10.1007/978-3-031-40395-8_14,,,,,,,,,,,,,
9,W4386291223,P‐97: Applying a generative model to improve TFT measurement capacity performance,Kyongtae Park; Taeyoung Khim,2023,SID Symposium Digest of Technical Papers,conference-paper,0,10.1002/sdtp.16886,https://doi.org/10.1002/sdtp.16886,,,,,,,,,,,,,
9,W4386604679,"Flood Vulnerability Study of Oha River Basin, Nigeria",I Jesuleye,2023,International Journal of Research in Science and Technology,article,0,10.37648/ijrst.v13i03.006,http://dx.doi.org/10.37648/ijrst.v13i03.006,,,,,,,,,,,,,
9,W4386970528,Hybrid Framework for Generating Structured Data Synthetically while Maintaining Referential Integrity,Anirudh Sharma; Mohit Pawar; B. Ramkumar; Akarsh Rastogi; Ravi Kumar; Chirag Jain,2023,,conference-paper,0,10.1109/iceccme57830.2023.10253444,http://dx.doi.org/10.1109/iceccme57830.2023.10253444,,,,,,,,,,,,,
9,W4387303570,Prediction of Maximum Temperature Rise on Skin Surface for Local Exposure at 10–90 GHz,Ante Lojić Kapetanović; Dragan Poljak; Kun Li,2023,,conference-paper,0,10.23919/ursigass57860.2023.10265331,http://dx.doi.org/10.23919/ursigass57860.2023.10265331,,,,,,,,,,,,,
9,W4387433220,FLAIM: AIM-based Synthetic Data Generation in the Federated Setting,Samuel Maddock; Graham Cormode; Carsten Maple,2023,arXiv (Cornell University),preprint,0,10.48550/arxiv.2310.03447,http://arxiv.org/abs/2310.03447,https://arxiv.org/pdf/2310.03447,,,,,,,,,,,,
9,W4387800198,Differentially Private Data Generation with Missing Data,Shubhankar Mohapatra; Jianqiao Zong; Florian Kerschbaum; Xi He,2023,arXiv (Cornell University),preprint,0,10.48550/arxiv.2310.11548,http://arxiv.org/abs/2310.11548,https://arxiv.org/pdf/2310.11548,,,,,,,,,,,,
9,W4388212283,Intrusion detection without attack knowledge: generating out-of-distribution tabular data,Andrea Ceccarelli; Tommaso Zoppi,2023,,conference-paper,0,10.1109/issre59848.2023.00058,http://dx.doi.org/10.1109/issre59848.2023.00058,,,,,,,,,,,,,
9,W4388502119,Creating High-Quality Synthetic Health Data: Framework for Model Development and Validation (Preprint),Elnaz Karimian Sichani; Aaron Smith; Khaled El Emam; Lucy Mosquera,2023,,preprint,0,10.2196/preprints.53241,https://doi.org/10.2196/preprints.53241,,,,,,,,,,,,,
10,W4389302489,Generating Pseudo Random Volumes for Volumetric Research,Thomas J. Clarke; Wolfgang Mayer; Joanne Zucco; Ross Smith,2023,,conference-paper,0,10.1109/ismar-adjunct60411.2023.00061,http://dx.doi.org/10.1109/ismar-adjunct60411.2023.00061,,,,,,,,,,,,,
10,W4390697775,Testing federated analytics across secure data environments using differing statistical approaches on cross-disciplinary data,Suzy Gallier; Alexander Topham; James Hodson; David McNulty; Tom Giles; Stephen M. Cox; Jyothi Chaganty; Lauren B. Cooper; Stephen Perks; Philip Quinlan; Elizabeth Sapey,2024,medRxiv,preprint,0,10.1101/2024.01.06.23300659,http://dx.doi.org/10.1101/2024.01.06.23300659,https://www.medrxiv.org/content/medrxiv/early/2024/01/07/2024.01.06.23300659.full.pdf,,,,,,,,,,,,
10,W4391093038,Protecting Multiple Sensitive Attributes in Synthetic Micro-data,Nina Niederhametner; Rudolf Mayer,2023,,conference-paper,0,10.1109/bigdata59044.2023.10386296,http://dx.doi.org/10.1109/bigdata59044.2023.10386296,,,,,,,,,,,,,
10,W4391630792,Automated Analytic Dataset Generation and Assessment for Engineering Analytics Education,Bruce A. Wilcox; Yufan Fei; Jihao LI; Junqiang Wang; Junmeng Xu,2024,,conference-paper,0,10.18260/1-2--42350,https://doi.org/10.18260/1-2--42350,,,,,,,,,,,,,
10,W4391851815,Balancing Plug-In for Stream-Based Classification,Francisco de Arriba-Pérez; Silvia García-Méndez; Fátima Leal; Benedita Malheiro; Juan C. Burguillo,2024,Lecture notes in networks and systems,conference-paper,0,10.1007/978-3-031-45642-8_6,https://doi.org/10.1007/978-3-031-45642-8_6,,,,,,,,,,,,,
10,W4392097611,Generation of realistic synthetic cable images to train Deep Learning segmentation models,Pablo Malvido Fresnillo; Wael M. Mohammed; Saigopal Vasudevan; José Antonio Pérez García; José L. Martínez Lastra,2024,Research Square,preprint,0,10.21203/rs.3.rs-3959243/v1,http://dx.doi.org/10.21203/rs.3.rs-3959243/v1,https://www.researchsquare.com/article/rs-3959243/latest.pdf,,,,,,,,,,,,
10,W4394892535,"MMM and MMMSynth: Clustering of heterogeneous tabular data, and synthetic data generation",Chandrani Kumari; Rahul Siddharthan,2024,PLoS ONE,article,0,10.1371/journal.pone.0302271,http://dx.doi.org/10.1371/journal.pone.0302271,https://journals.plos.org/plosone/article/file?id=10.1371/journal.pone.0302271&type=printable,,,,,,,,,,,,
10,W4398137738,Credit Card Fraud Detection using GAN and Feature Engineering,Afeef Ashraf C; Ajaz Ali; Darpan Anand; M I Shabiya; Rini T Paul,2024,Research Square,preprint,0,10.21203/rs.3.rs-4380806/v1,http://dx.doi.org/10.21203/rs.3.rs-4380806/v1,https://www.researchsquare.com/article/rs-4380806/latest.pdf,,,,,,,,,,,,
10,W4399182945,Reliability evaluation of individual predictions: a data-centric approach,Nima Shahbazi; Abolfazl Asudeh,2024,The VLDB Journal,article,0,10.1007/s00778-024-00857-w,http://dx.doi.org/10.1007/s00778-024-00857-w,,,,,,,,,,,,,
10,W4399205573,Insights in Data Generation: A Synthetic Data Approach for Enabling Small Datasets in Atrial Fibrillation Research,Ali Salman; Francesco Goretti; Alessandra Cartocci; Ernesto Iadanza,2024,"World Congress on Medical Physics and Biomedical Engineering, September 7 - 12, 2009, Munich, Germany",conference-paper,0,10.1007/978-3-031-61628-0_11,https://doi.org/10.1007/978-3-031-61628-0_11,,,,,,,,,,,,,
10,W4399342083,Representation Debiasing of Generated Data Involving Domain Experts,Aditya Bhattacharya; Simone Stumpf; Katrien Verbert,2024,Preprints.org,preprint,0,10.20944/preprints202406.0050.v1,http://dx.doi.org/10.20944/preprints202406.0050.v1,https://www.preprints.org/frontend/manuscript/e28359398f263dc03402033b570b4903/download_pub,,,,,,,,,,,,
10,W4399995841,Optimizing Datasets in the E-Learning Ecosystem A State-of-the-Art Review,Abdelghafour Elbazi; Chrayah Mohamed; Abdelhamid Bouzidi,2023,,conference-paper,0,10.1109/jicv59748.2023.10565650,http://dx.doi.org/10.1109/jicv59748.2023.10565650,,,,,,,,,,,,,
10,W4401519917,A data augmentation method for multiaxial fatigue life prediction based on physics-informed tabular generative adversarial network,GaoYuan He; Yongxiang Zhao; Chuliang Yan,2024,Journal of Physics Conference Series,conference-paper,0,10.1088/1742-6596/2816/1/012048,https://doi.org/10.1088/1742-6596/2816/1/012048,https://iopscience.iop.org/article/10.1088/1742-6596/2816/1/012048/pdf,,,,,,,,,,,,
10,W4401943136,Prediction of Time–Temperature–Transformation Diagrams of NiAl Alloy: An Evaluation of Intelligent Algorithms,Leonardo Hernández‐Flores; Luis Fernando Talavera‐Rivera; Angel‐Iván García‐Moreno,2024,Advanced Engineering Materials,article,0,10.1002/adem.202400757,https://doi.org/10.1002/adem.202400757,https://onlinelibrary.wiley.com/doi/pdfdirect/10.1002/adem.202400757,,,,,,,,,,,,
10,W4402474931,Research and Suggestions for Evaluation Metrics of On-board Video Desensitization,Xiaolong Huang; Te Hu; Haojie Ji; Yupeng Chen; Wangdong Lu; Peng He; Guowei Sun; Jingyan Wang,2024,,conference-paper,0,10.1109/ispds62779.2024.10667611,https://doi.org/10.1109/ispds62779.2024.10667611,,,,,,,,,,,,,
10,W4402959239,Identification of Synthetic Data Source Points Using Data Similarity Indexes and Artificial Neural Networks,Sandi Baressi Šegota; Nikola Anđelić; Daniel Štifanić; Jelena Štifanić; Zlatan Car,2024,Lecture notes in networks and systems,conference-paper,0,10.1007/978-3-031-71419-1_13,https://doi.org/10.1007/978-3-031-71419-1_13,,,,,,,,,,,,,
10,W4403545088,"Application of deep learning models to generate rich, dynamic and production-like test data",Chao Tan; Razieh Behjati; Erik Arisholm,2024,Empirical Software Engineering,article,0,10.1007/s10664-024-10541-w,https://doi.org/10.1007/s10664-024-10541-w,https://link.springer.com/content/pdf/10.1007/s10664-024-10541-w.pdf,,,,,,,,,,,,
10,W4404024725,A synthetic data generation pipeline to reproducibly mirror high-resolution multi-variable peptidomics and real-patient clinical data,Mayra Alejandra Jaimes Campos; Stipe Kabić; Agnieszka Latosińska; Ena Anicic; Justyna Siwy; Vinko Dragušica; Harald Rupprecht; Lorenzo Catanese; Felix Keller; Paul Perco; Erika Vanessa Cárdenas Gómez; Joachim Beige; et al.,2024,medRxiv,preprint,0,10.1101/2024.10.30.24316342,http://dx.doi.org/10.1101/2024.10.30.24316342,https://www.medrxiv.org/content/medrxiv/early/2024/11/04/2024.10.30.24316342.full.pdf,,,,,,,,,,,,
10,W4404187402,SNOOKER: a dataset generator for helpdesk services,Leonardo Ferreira; Daniel Castro Silva; Mikel Uriarte-Itzazelaia,2024,Journal of Intelligent Information Systems,article,0,10.1007/s10844-024-00905-5,https://doi.org/10.1007/s10844-024-00905-5,https://link.springer.com/content/pdf/10.1007/s10844-024-00905-5.pdf,,,,,,,,,,,,
10,W4404247588,Extended Boltzmann Machine Generative Model,Lancelot Tullio; Maria Rifqi,2024,Lecture notes in computer science,conference-paper,0,10.1007/978-3-031-76235-2_30,https://doi.org/10.1007/978-3-031-76235-2_30,,,,,,,,,,,,,
10,W4404562131,Synthetic Data Generation with Modified Artificial Bee Colony Optimization Algorithm and Statistical Modeling,Fatma Akalın,2024,Iğdır Üniversitesi Fen Bilimleri Enstitüsü Dergisi,article,0,10.21597/jist.1495455,https://doi.org/10.21597/jist.1495455,https://dergipark.org.tr/en/download/article-file/3979948,,,,,,,,,,,,
10,W4404916006,Customer Segmentation Using Generated Coffee Export Transaction Data,Syarifah Chaira Zulfa; Erna Budhiarti Nababan; Mohammad Andri Budiman,2024,,conference-paper,0,10.1109/ictiia61827.2024.10761683,https://doi.org/10.1109/ictiia61827.2024.10761683,,,,,,,,,,,,,
10,W4404925113,Advancing Data Visualization: Integrating Privacy-Preserving Technologies,Manas Sheth,2024,Journal of Research in Science and Engineering,article,0,10.53469/jrse.2024.06(11).15,https://doi.org/10.53469/jrse.2024.06(11).15,,,,,,,,,,,,,
10,W4405535608,Data Anonymization for Open Science: A Case Study,Paul Francis; Gregor Jurak; Bojan Leskošek; Karen Otte; Fabian Praßer,2024,medRxiv,preprint,0,10.1101/2024.12.16.24319068,https://doi.org/10.1101/2024.12.16.24319068,https://www.medrxiv.org/content/medrxiv/early/2024/12/16/2024.12.16.24319068.full.pdf,,,,,,,,,,,,
10,W4405844983,Enhancing Tabular Data Generation through Data and Knowledge Dual-Driven Approaches,Tengyun Wang; Jibing Wu; Kaiming Xiao; Ningchao Ge; Hang Zhang; Tao Qiu; Yifan Zeng,2024,,conference-paper,0,10.1109/bigdia63733.2024.10808817,https://doi.org/10.1109/bigdia63733.2024.10808817,,,,,,,,,,,,,
10,W4406363981,Evaluation of Synthetic Data Generation Models for Balancing Multiclass Metabolomic Profiles,Saioa Elizondo; Mikel Hernandez; Francisco Londoño; Andoni Beristain; Rubén Gil‐Redondo; Ricardo Conde; Óscar Millet; Gorka Epelde,2024,,conference-paper,0,10.1145/3700666.3700693,https://doi.org/10.1145/3700666.3700693,,,,,,,,,,,,,
10,W4406458798,Synthesizing Accurate Relational Data under Differential Privacy,Antheas Kapenekakis; Daniele Dell’Aglio; Charles Vesteghem; Laurids Østergaard Poulsen; Martin Bøgsted; Minos Garofalakis; Katja Hose,2024,,conference-paper,0,10.1109/bigdata62323.2024.10825515,https://doi.org/10.1109/bigdata62323.2024.10825515,,,,,,,,,,,,,
10,W4406495045,Synthetic Data in Child and Adolescent Mental Health Service Research: A Tool Whose Time has Come. (Preprint),Mounir Haizoune,2025,,preprint,0,10.2196/preprints.71364,https://doi.org/10.2196/preprints.71364,,,,,,,,,,,,,
10,W4406544991,"Developing a Standardized Process to Visualize, Analyze, and Communicate NSQIP Data Using an Advanced Visual Data Analytics Tool",Linda C. Alongi; Brady Alsaker; David J. Willis; William A. Burns; Charles R. Watts,2025,The Joint Commission Journal on Quality and Patient Safety,article,0,10.1016/j.jcjq.2025.01.003,https://doi.org/10.1016/j.jcjq.2025.01.003,,,,,,,,,,,,,
10,W4406940732,Explaining Biomarker Response to Anticoagulant Therapy in Atrial Fibrillation: A Study of Warfarin and Rivaroxaban with Machine Learning Models,Adriano Veloso; Gianlucca Zuin; Luan Sena,2025,Lecture notes in computer science,conference-paper,0,10.1007/978-3-031-79029-4_33,https://doi.org/10.1007/978-3-031-79029-4_33,,,,,,,,,,,,,
10,W4407131122,Generation of Synthetic Data for Sharing and Utilization in Healthcare Data,Ha Ye Jin Kang; Min Sam Ko; Kwang Sun Ryu,2024,,conference-paper,0,10.1109/dsc63484.2024.00116,https://doi.org/10.1109/dsc63484.2024.00116,,,,,,,,,,,,,
10,W4408807881,Synthetic Tabular Data Generation Under Horizontal Federated Learning Environments in Acute Myeloid Leukemia: Case-Based Simulation Study (Preprint),Imanol Isasa; Mikel Catalina; Gorka Epelde; Naiara Aginako; Andoni Beristain,2025,,preprint,0,10.2196/preprints.74116,https://doi.org/10.2196/preprints.74116,https://s3.ca-central-1.amazonaws.com/assets.jmir.org/assets/preprints/preprint-74116-submitted.pdf,,,,,,,,,,,,
10,W4409166202,Sim4Rec: Flexible and Extensible Simulator for Recommender Systems for Large-Scale Data,Anna Volodkevich; V. V. Ivanova; Alexey Vasilev; Dmitry Bugaychenko; Maxim Savchenko,2025,Lecture notes in computer science,conference-paper,0,10.1007/978-3-031-88717-8_33,https://doi.org/10.1007/978-3-031-88717-8_33,,,,,,,,,,,,,
10,W4409991879,Stress Inference in a Virtual Reality Game for Rehabilitation with Body Motion and Heart Rate,Júlio Castro Lopes; Isaac Van-Deste; João Vieira; Rui Pedro Lopes,2024,,conference-paper,0,10.1109/icir64558.2024.10976783,https://doi.org/10.1109/icir64558.2024.10976783,,,,,,,,,,,,,
10,W4410000136,Synthetic Tabular Data Detection in the Wild,G. Charbel N. Kindji; Élisa Fromont; Lina M. Rojas-Barahona; Tanguy Urvoy,2025,Lecture notes in computer science,conference-paper,0,10.1007/978-3-031-91398-3_7,https://doi.org/10.1007/978-3-031-91398-3_7,,,,,,,,,,,,,
10,W4410062502,A Quantitative Comparison of Structural and Distributional Properties of Synthetic Tabular Data in Parkinson’s Disease,Shahryar Wasif; Farhan Raza; dhruvil Patel; Taylor Chomiak; Bin Hu,2025,medRxiv,preprint,0,10.1101/2025.05.02.25326890,https://doi.org/10.1101/2025.05.02.25326890,https://www.medrxiv.org/content/medrxiv/early/2025/05/03/2025.05.02.25326890.full.pdf,,,,,,,,,,,,
10,W4410459081,Generating Realistic Passenger Name Records with Privacy Compliance for Security Analysis,Muhammad Fadlian; Neil Ireson; Vitaveska Lanfranchi,2025,Proceedings of the ... International ISCRAM Conference,conference-paper,0,10.59297/mbf3dq94,https://doi.org/10.59297/mbf3dq94,http://ojs.iscram.org/index.php/Proceedings/article/download/168/161,,,,,,,,,,,,
10,W4410742953,"Multi-modal Fusion of LiDAR and PRISMA Data for Cobalt Mapping: A Case Study from the Áramo Mine, Spain",Fahimeh Farahnakian; Farshad Farahnakian; Farshad Farahnakian; Farshad Farahnakian; Javad Sheikh; Steven Downey; Vaughan Williams; Jukka Heikkonen,2025,Lecture notes in computer science,conference-paper,0,10.1007/978-3-031-88217-3_17,https://doi.org/10.1007/978-3-031-88217-3_17,,,,,,,,,,,,,
10,W4410781209,An overview of data protection strategies for individual-level geocoded data,Maike Steffen; Konstantin Körner; Jörg Drechsler,2025,Statistics Surveys,article,0,10.1214/25-ss151,https://doi.org/10.1214/25-ss151,https://projecteuclid.org/journals/statistics-surveys/volume-19/issue-none/An-overview-of-data-protection-strategies-for-individual-level-geocoded/10.1214/25-SS151.pdf,,,,,,,,,,,,
10,W4411233049,CTGAN-Bandit: A Conditional Tabular GAN Model Leveraging Upper Confidence Bound Estimators for Hardware Design Verification,Lorenzo Ferretti; Surya Teja Bandlamudi; Nihar Athreyas; Michael Yan; Vikram Narayan; Samir Mittal,2025,,conference-paper,0,10.1109/wmed65750.2025.11026967,https://doi.org/10.1109/wmed65750.2025.11026967,,,,,,,,,,,,,
10,W4411802823,On Predicting Marine Engine Measurements with Synthetic Data in Scarce Dataset,Sandi Baressi Šegota; Igor Poljak; Nikola Anđelić; Vedran Mrzljak,2025,Journal of Marine Science and Engineering,article,0,10.3390/jmse13071289,https://doi.org/10.3390/jmse13071289,https://www.mdpi.com/2077-1312/13/7/1289/pdf?version=1751294456,,,,,,,,,,,,
10,W4412021360,Differentially Private Non Parametric Copulas: Generating Synthetic Data with Non Parametric Copulas Under Privacy Guarantees,Pablo A. Osorio-Marulanda; John Esteban Castro Ramirez; Mikel Hernández Jiménez; Nicolas Moreno Reyes; Gorka Epelde,2025,,conference-paper,0,10.1109/cbms65348.2025.00094,https://doi.org/10.1109/cbms65348.2025.00094,,,,,,,,,,,,,
10,W4412835691,Propensity-score matching with GAN-generated observations from electronic health records: simulation study and application to the evaluation of prone positioning in COVID-19 patients under mechanical ventilation,Bertrand Bouvarel; Benjamin Glémain; Fabrice Carrat; Nathanaël Lapidus,2025,medRxiv,preprint,0,10.1101/2025.07.31.25332504,https://doi.org/10.1101/2025.07.31.25332504,https://www.medrxiv.org/content/medrxiv/early/2025/08/01/2025.07.31.25332504.full.pdf,,,,,,,,,,,,
10,W4412941648,Privacy-Aware Table Data Generation by Adversarial Gradient Boosting Decision Tree,Shuai Jiang; Naoto Iwata; Sayaka Kamei; Kazi Md. Rokibul Alam; Yasuhiko Morimoto,2025,Mathematics,article,0,10.3390/math13152509,https://doi.org/10.3390/math13152509,https://www.mdpi.com/2227-7390/13/15/2509/pdf?version=1754377087,,,,,,,,,,,,
10,W4413079128,Generative Data Modelling for Diverse Populations in Africa: Insights from South Africa,Sally Sonia Simmons; John Elvis Hagan; Thomas Schack,2025,Information,article,0,10.3390/info16070612,https://doi.org/10.3390/info16070612,https://www.mdpi.com/2078-2489/16/7/612/pdf?version=1752733546,,,,,,,,,,,,
10,W4413311665,Generating Realistic Benchmarks for Dynamic Truck and Trailer Scheduling using Gaussian Copulas,Joan Alza; Josu Ceberio; Mark Bartlett; John McCall,2025,,conference-paper,0,10.1145/3729878.3746620,https://doi.org/10.1145/3729878.3746620,,,,,,,,,,,,,
10,W4413461206,SOS: A Shuffle Order Strategy for Data Augmentation in Industrial Human Activity Recognition,Anh Tuan Ha; Hoang Khang Phan; Thanh Duc Ngo; Anh Phan Truong; Nhat Tan Le,2025,,conference-paper,0,10.1109/abc64332.2025.11118403,https://doi.org/10.1109/abc64332.2025.11118403,,,,,,,,,,,,,
10,W4413980974,Synthetic Tabular Data Generation Under Horizontal Federated Learning Environments in Acute Myeloid Leukemia: Case-Based Simulation Study,Imanol Isasa; Mikel Catalina; Gorka Epelde; Naiara Aginako; Andoni Beristain,2025,JMIR Medical Informatics,article,0,10.2196/74116,https://doi.org/10.2196/74116,,,,,,,,,,,,,
10,W4414054611,Effects of Using Synthetic Data on Deep Recommender Models' Performance,Fatih Cihan Taskin; Ilknur Akcay; Muhammed Pesen; Said Aldemir; Ipek Iraz Esin; Furkan Durmuş,2025,,conference-paper,0,10.1109/icmi65310.2025.11141272,https://doi.org/10.1109/icmi65310.2025.11141272,,,,,,,,,,,,,
10,W4414073754,Data Privacy and Ethical Challenges in AI‐Driven Cancer Care,Firdaus Jawed; Rabia Aziz; Sumbul Ansari; Syairi Anwar; Sohrab Ahmad Khan,2025,,other,0,10.1002/9781394270613.ch12,https://doi.org/10.1002/9781394270613.ch12,,,,,,,,,,,,,
11,W4414088887,A variational autoencoder and neural network approach to generating synthetic data in well-being research,"Joonas Tuomikoski; Ville Vesterinen; Rami Luisto; Ilkka Pölönen; Sami Äyrämö; Wellbeing Services County of Central Finland, Jyväskylä, Finland",2025,Applied Computing and Intelligence,article,0,10.3934/aci.2025012,https://doi.org/10.3934/aci.2025012,,,,,,,,,,,,,
11,W4414227087,Fairness em Machine Learning: Uma análise baseada na Teoria de Resposta ao Item,Thiago Paracampo de Castro; Lucas F. F. Cardoso; Vitor Cirilo Araujo Santos; Ronnie Oliveira Alves; Regiane Kawasaki Francês,2025,,conference-paper,0,10.5753/semish.2025.9079,https://doi.org/10.5753/semish.2025.9079,https://sol.sbc.org.br/index.php/semish/article/download/36834/36620,,,,,,,,,,,,
11,W4414330413,Pasteur: Scaling Privacy-Aware Data Synthesis,Antheas Kapenekakis; Daniele Dell’Aglio; Martin Bøgsted; Minos Garofalakis; Katja Hose,2025,Lecture notes in computer science,conference-paper,0,10.1007/978-3-032-05281-0_11,https://doi.org/10.1007/978-3-032-05281-0_11,,,,,,,,,,,,,
11,W4414464093,Comparative Analysis of the Efficiency of Synthetic Data Generation Methods in Classification and Regression Problems,Aizat Dildabek; Talshyn Sarsembayeva; Zukhra Abdiakhmetova,2025,,conference-paper,0,10.1109/acdsa65407.2025.11165813,https://doi.org/10.1109/acdsa65407.2025.11165813,,,,,,,,,,,,,
11,W4414585342,TempEHR: A Temporal Dependency-Based Approach for Synthesizing Electronic Health Records,Emmanuella Budu; Amira Soliman; Farzaneh Etminani; Thorsteinn Rögnvaldsson,2025,Lecture notes in computer science,conference-paper,0,10.1007/978-3-032-06118-8_19,https://doi.org/10.1007/978-3-032-06118-8_19,,,,,,,,,,,,,
11,W4414603922,A Machine Learning Framework for Non-Invasive Hepatitis C Virus Detection Using Feature Selection,Kaif Ahmed Khan; Utsha Das; Md. Tanvir Raihan; Motahar Reza; Md Morsaline Billah,2025,,conference-paper,0,10.1109/qpain66474.2025.11172086,https://doi.org/10.1109/qpain66474.2025.11172086,,,,,,,,,,,,,
11,W4414638119,Synthetic Data Factory: Scalable and Domain-Agnostic Data Generation with Generative AI and Statistical Fidelity,G. Divya Jyothi; M. Varshith Rao; M. Sathya Priya; Jay Patel; T. Varun Kalyan,2025,Information systems engineering and management,conference-paper,0,10.1007/978-3-031-97713-8_11,https://doi.org/10.1007/978-3-031-97713-8_11,,,,,,,,,,,,,
11,W4414666115,Enhancing Patient-Centric Synthetic Data Generation: A Comparative Analysis for Chronic Kidney Disease,Candelaria Alvarez; José Ibeas; Javier Balladini; Remo Suppi,2025,Communications in computer and information science,conference-paper,0,10.1007/978-3-032-00718-6_4,https://doi.org/10.1007/978-3-032-00718-6_4,,,,,,,,,,,,,
11,W4414793355,Synthetic data for pharmacogenetics: enabling scalable and secure research,Marko Miletic; Anna Bollinger; Samuel Allemann; Murat Sariyar,2025,JAMIA Open,article,0,10.1093/jamiaopen/ooaf107,https://doi.org/10.1093/jamiaopen/ooaf107,https://academic.oup.com/jamiaopen/article-pdf/8/5/ooaf107/64481557/ooaf107.pdf,,,,,,,,,,,,
11,W4414809597,Enhancing Local Explanations with GAN-Based Neighborhood Generation,Luca Corbucci; Francesca Naretto; Anna Monreale,2025,Lecture notes in computer science,conference-paper,0,10.1007/978-3-032-05461-6_21,https://doi.org/10.1007/978-3-032-05461-6_21,https://link.springer.com/content/pdf/10.1007/978-3-032-05461-6_21.pdf,,,,,,,,,,,,
11,W4414871174,A mixture of attention experts-embedded flow-based generative model to create synthetic cells in single-cell RNA-Seq datasets,Sultan Sevgi Turgut Ögme; Nizamettin Aydın; Zeyneb Kurt,2025,PLoS Computational Biology,article,0,10.1371/journal.pcbi.1013525,https://doi.org/10.1371/journal.pcbi.1013525,https://journals.plos.org/ploscompbiol/article/file?id=10.1371/journal.pcbi.1013525&type=printable,,,,,,,,,,,,
11,W4415176456,IAR‐Net: Tabular Deep Learning Model for Interventionalist's Action Recognition,Toluwanimi Oluwadara Akinyemi; Olatunji Mumini Omisore; Wenjing Du; Wenke Duan; Bailang Chen; Kun Liu; Lei Wang; Minxin Wei,2025,Advanced Intelligent Systems,article,0,10.1002/aisy.202500391,https://doi.org/10.1002/aisy.202500391,https://onlinelibrary.wiley.com/doi/pdfdirect/10.1002/aisy.202500391,,,,,,,,,,,,
11,W4415378749,Scalable privacy-preserving record linkage: Evaluating MultiBit tree indexing in Atyimo,Victor B. Orrico; Fernanda S. Eustáquio; Bethânia de Araújo Almeida; Mirlei Silva; Robespierre Pita,2025,,conference-paper,0,10.5753/sbbd.2025.247288,https://doi.org/10.5753/sbbd.2025.247288,https://sol.sbc.org.br/index.php/sbbd/article/download/37268/37051,,,,,,,,,,,,
11,W4415672874,Hybrid AI-Based Framework for Generating Realistic Attack-Related Network Flow Data for Cybersecurity Digital Twins,Eider Iturbe; Javier Arcas-Ruiz-Ruano; Gabriel Gaminde; Erkuden Rios; Nerea Toledo,2025,Applied Sciences,article,0,10.3390/app152111574,https://doi.org/10.3390/app152111574,https://www.mdpi.com/2076-3417/15/21/11574/pdf?version=1761751411,,,,,,,,,,,,
11,W4415677560,Algoritmik Düşünce ve Sinemasal Ontoloji: Bilimkurgu Sinemasında Dönemsel Dönüşümler ve Kırılmalar,Uğur Dolgun; İrem Yakin Bozkurt,2025,SineFilozofi,article,0,10.31122/sinefilozofi.1734401,https://doi.org/10.31122/sinefilozofi.1734401,https://dergipark.org.tr/tr/download/article-file/5021196,,,,,,,,,,,,
11,W4415882604,Explainable and fair anti money laundering models using a reproducible SHAP framework for financial institutions,Pristly Turjo Mazumder,2025,Research Square,preprint,0,10.21203/rs.3.rs-7724977/v1,https://doi.org/10.21203/rs.3.rs-7724977/v1,https://www.researchsquare.com/article/rs-7724977/latest.pdf,,,,,,,,,,,,
11,W4415974865,Disentangled Deep Smoothed Bootstrap for Fair Imbalanced Regression,Samuel Stocksieker; Denys Pommeret; Arthur Charpentier,2025,Procedia Computer Science,conference-paper,0,10.1016/j.procs.2025.09.519,https://doi.org/10.1016/j.procs.2025.09.519,,,,,,,,,,,,,
11,W4416235491,Ethical AI Testing and Evaluation Against Governance and Frameworks,Muthu Ramachandran,2025,,book-chapter,0,10.1007/978-981-95-2909-4_11,https://doi.org/10.1007/978-981-95-2909-4_11,,,,,,,,,,,,,
11,W4416364562,AI4SWEng manifest: Empowering the future of software engineering with advanced trustworthy artificial intelligence,Ali Serdar Atalay; Ömer Öztin; Alper Kanak; İbrahim Arif; Atta Badii; Naga Dasari; Salih Ergün; Salih Ergün; Oguzhan Herkiloğlu; Grégory Mermoud; Paolo Papotti; Marco Tiemann; et al.,2025,Open Research Europe,article,0,10.12688/openreseurope.21192.1,https://doi.org/10.12688/openreseurope.21192.1,,,,,,,,,,,,,
11,W4416401139,Preserving Privacy in Marketing: a Comparative Study of Synthetic Data for Personalized Campaign Generation,Shailendra Kumar Mishra; Aryan Rai; Aditya Ranjan; Ananmay Lohia; Mihir S Arya,2025,,conference-paper,0,10.1109/icrais66073.2025.11234732,https://doi.org/10.1109/icrais66073.2025.11234732,,,,,,,,,,,,,
11,W4416713974,Transfer learning for data-driven wet gas flow metering: Enhancing generalisation in digital measurement systems,Seyed Ahmad Hosseini; Gabriele Chinello; Gordon Lindsay; Erfan Loweimi; Muhammad Ayub Ansari; Don McGlinchey,2025,Flow Measurement and Instrumentation,article,0,10.1016/j.flowmeasinst.2025.103146,https://doi.org/10.1016/j.flowmeasinst.2025.103146,,,,,,,,,,,,,
11,W4416773333,Artificially Generated Minorities (AGMs): The Veneer of Algorithmic Bias Correction,Ibifuro Robert Jaja,2025,Communications in computer and information science,conference-paper,0,10.1007/978-3-032-11733-5_34,https://doi.org/10.1007/978-3-032-11733-5_34,,,,,,,,,,,,,
11,W4416961953,SynQP: A Framework and Metrics for Evaluating the Quality and Privacy Risk of Synthetic Data,Bing Hu; Yixin Li; Asma Bahamyirou; Helen Chen,2025,,conference-paper,0,10.1109/pst65910.2025.11268831,https://doi.org/10.1109/pst65910.2025.11268831,,,,,,,,,,,,,
11,W4417295133,Generating Synthetic Data With Locally Estimated Distributions for Disclosure Control,Ali Furkan Kalay,2025,Australian & New Zealand Journal of Statistics,article,0,10.1111/anzs.70032,https://doi.org/10.1111/anzs.70032,,,,,,,,,,,,,
11,W4417339346,A Robust Metric for Evaluating the Quality of Synthetic Tabular Data,Mihaela Lechner; Oliver Rose,2025,,conference-paper,0,10.1109/ictai66417.2025.00167,https://doi.org/10.1109/ictai66417.2025.00167,,,,,,,,,,,,,
11,W7116973647,Reducing Instability in Synthetic Data Evaluation with a Super-Metric in MalDataGen,Anna Luiza Gomes da Silva; Diego Kreutz; Angelo Gaspar Diniz; Rodrigo Brandão Mansilha; Celso Nobre da Fonseca,2025,,conference-paper,0,10.5753/errc.2025.17810,https://doi.org/10.5753/errc.2025.17810,https://sol.sbc.org.br/index.php/errc/article/download/39194/38966,,,,,,,,,,,,
11,W7117136571,Fast MMPTs: a fast approximate sampler toward a mixture of multivariate Polya trees,William Cipolli,2025,Computational Statistics,article,0,10.1007/s00180-025-01684-5,https://doi.org/10.1007/s00180-025-01684-5,,,,,,,,,,,,,
11,W7117545090,Using Generative AI for Sequential Data Generation in Monte Carlo Simulation Studies,Youmi Suk; Chenguang Pan; Ke Yang,2025,Journal of Educational and Behavioral Statistics,article,0,10.3102/10769986251397559,https://doi.org/10.3102/10769986251397559,,,,,,,,,,,,,
11,W7117787285,Türkiye Finansal Piyasalarında Gerçek ve Sentetik Verilerle Risk Modelleme Üzerine Karşılaştırmalı Bir Analiz,Abdallah Abukalloub; Filiz KUTLUAY TUTAR; Ayşe Güngör,2025,İstatistik ve Uygulamalı Bilimler Dergisi,article,0,10.52693/jsas.1767462,https://doi.org/10.52693/jsas.1767462,https://dergipark.org.tr/tr/download/article-file/5164402,,,,,,,,,,,,
11,W7117982369,BiLSTMTimeGAN: Enhancing Side-Channel Attacks Through Temporal Data Augmentation,Jianqiao Liu; Xiaoyong Kou; Wei Yang; Dekun Liu; Gongxuan Zhang,2026,Lecture notes in computer science,conference-paper,0,10.1007/978-981-95-3551-4_17,https://doi.org/10.1007/978-981-95-3551-4_17,,,,,,,,,,,,,
11,W7118360095,AI-assisted rapid crystal structure generation towards a target local environment,Osman Goni Ridwan; Sylvain Pitié; Monika Raj; Dong Dai; Gilles Frapper; Hongfei Xue; Qiang Zhu,2026,npj Computational Materials,article,0,10.1038/s41524-025-01931-9,https://doi.org/10.1038/s41524-025-01931-9,https://www.nature.com/articles/s41524-025-01931-9_reference.pdf,,,,,,,,,,,,
11,W7123593639,Machine Learning-Based Malware Classification in Real-Time IoT Scenarios,Arslan Rafi; Attaullah Buriro; Muhammad Azfar Yaqub; Antonio Liotta,2025,,conference-paper,0,10.1109/fit67061.2025.11333598,https://doi.org/10.1109/fit67061.2025.11333598,,,,,,,,,,,,,
11,W7125395932,TrustGenTable: A Trusted Method for Generating Tabular Data,Mingkai Jiang; Yongnan Liu; Xinrui Wang,2026,Lecture notes in computer science,conference-paper,0,10.1007/978-981-95-5716-5_7,https://doi.org/10.1007/978-981-95-5716-5_7,,,,,,,,,,,,,
11,W7125593120,Prototype of a Predictive System for Selecting Therapeutic Pets in Patients with Attention Deficit Hyperactivity Disorder,Chaira Mileth Zapa Caraballo; Gabriela Isabel Hernández Mejía; Sebastián Alfonso Sierra Torres; María Angélica García Medina; Claudia Lengua Cantero; David de Jesus Acosta Meza; Carmen Molinares Brito; Lety Anet Garcia Medina,2025,,conference-paper,0,10.1109/c366505.2025.11340570,https://doi.org/10.1109/c366505.2025.11340570,,,,,,,,,,,,,
11,W7126118292,"A Multi-Dimensional Comparative Study of Generative Adversarial Networks, Diffusion Models, and Statistical Methods for Synthetic Health Data Generation",Oluwatoyin Joy Omole; Celso França; Samuel N. Alves; Regina Bernal; Deborah Malta; Marcos André Gonçalves; J. Almeida,2026,Lecture notes in computer science,conference-paper,0,10.1007/978-3-032-15990-8_2,https://doi.org/10.1007/978-3-032-15990-8_2,,,,,,,,,,,,,
11,W7126255632,Privacy-Preserving Synthetic Data Generation Using Conditional Tabular Generative Adversarial Networks,Virezo Georgian; Yudhistira Nugraha; Muhammad Erza Aminanto,2025,,conference-paper,0,10.1109/icicyta68677.2025.11362835,https://doi.org/10.1109/icicyta68677.2025.11362835,,,,,,,,,,,,,
11,W7126378349,Data Augmentation Strategies for Machine Learning Modelling of Compressive Strength of Biomedical Scaffolds,Alejandro González González; Patricia Zambrano-Robledo; Rolando Javier Lima de la Torre; Sandra García Ortega,2026,Lecture notes in networks and systems,book-chapter,0,10.1007/978-3-031-96157-1_36,https://doi.org/10.1007/978-3-031-96157-1_36,,,,,,,,,,,,,
11,W7127044999,Image Processing,Abdussalam Elhanashi; Sergio Saponara,2026,,book-chapter,0,10.1007/978-981-95-4846-0_2,https://doi.org/10.1007/978-981-95-4846-0_2,,,,,,,,,,,,,
11,W7129092525,Synthetic Blood Data Generation for Fair Machine Learning,Sahithi Makam Ramakrishna; Fernando Pérez-Téllez,2026,,conference-paper,0,10.1145/3777490.3777498,https://doi.org/10.1145/3777490.3777498,,,,,,,,,,,,,
11,W7129589088,Synthetic Data Review Using Generative Adversarial Networks and Transformer Models in AQ-10 Autism Spectrum Disorder Dataset,Nathanael P. Solagratia; G.S. Thejas,2025,,conference-paper,0,10.1109/icaitech66481.2025.11387099,https://doi.org/10.1109/icaitech66481.2025.11387099,,,,,,,,,,,,,
11,W7130506921,Enhancing Exploratory Data Analysis Through Synthetic Data Generation Using GANs and SDV,Anirban Sarwar; Shyla Afroge; Shatadal Sikder; Souvik Biswas,2026,Lecture notes in networks and systems,conference-paper,0,10.1007/978-3-032-15346-3_37,https://doi.org/10.1007/978-3-032-15346-3_37,,,,,,,,,,,,,
11,W7130675486,Generating Synthetic Categorical Data for Causal Modelling of Accessibility Barriers,O. A. Shaposhnyk; Noor Abid; Mouri Zakir; Svetlana Yanushkevich,2025,,conference-paper,0,10.1109/swc65939.2025.00307,https://doi.org/10.1109/swc65939.2025.00307,,,,,,,,,,,,,
11,W7131096431,SC-GAN: A GAN-Based Data Augmentation Approach for Stablecoin Fraud Detection on Imbalanced Transaction Data,Mohan Sankaran; Nagaraju Jooluri; Srimaan Yarram; Balasundaram Subbusundaram; Balaji Sundareshan,2026,,conference-paper,0,10.1109/icaic67076.2026.11395805,https://doi.org/10.1109/icaic67076.2026.11395805,,,,,,,,,,,,,
11,W7131660599,Balancing Privacy and Utility in Child and Adolescent Mental Health Services Research: Retrospective Cohort Study on Synthetic Data Generation (Preprint),Mounir Haizoune; Bennett L Leventhal; Dipendra Pant; Øystein Nytrø; Kaban Koochakpour; Roman Koposov; Lars Ravn Øhlckers; Norbert Skokauskas,2025,,preprint,0,10.2196/preprints.71819,https://doi.org/10.2196/preprints.71819,,,,,,,,,,,,,
11,W7134171024,SHAP Distance: An Explainability-Aware Metric for Evaluating the Semantic Fidelity of Synthetic Tabular Data,Ke Yu; Shigeru Ishikura; Yukari Usukura; Yuki Shigoku; Teruaki Hayashi,2025,,conference-paper,0,10.1109/bigdata66926.2025.11402338,https://doi.org/10.1109/bigdata66926.2025.11402338,,,,,,,,,,,,,
11,W7134185384,BitGNN: Bipartite Tabular Graph Neural Networks for Privacy-Preserving Data Synthesis,Hung-Chia Lu; Cheng-Te Li,2025,,conference-paper,0,10.1109/bigdata66926.2025.11402328,https://doi.org/10.1109/bigdata66926.2025.11402328,,,,,,,,,,,,,
11,W7134201606,EHR Can-Flow: Contrastively Aligned Normalizing Flows for Conditional EHR Generation,Subbareddy Batreddy; Giridhar Pamisetty; Priya Verma; Ch. Sobhan Babu,2025,,conference-paper,0,10.1109/bigdata66926.2025.11402106,https://doi.org/10.1109/bigdata66926.2025.11402106,,,,,,,,,,,,,
11,W7134265814,Using Synthetic Data to Estimate the True Error is Theoretically and Practically Doable,Hoi Nguyen Thanh; Duy-Tung Nguyen; Hung The Tran; Khoat Than,2026,Machine Learning,article,0,10.1007/s10994-025-06971-2,https://doi.org/10.1007/s10994-025-06971-2,,,,,,,,,,,,,
11,W7134892716,Exploratory Analysis of Oversampling Techniques and Their Impact on MALDI-TOF Mass Spectrometry Data: Addressing Class Imbalance in Antibiotic Resistance Samples,Pablo Pinto; José Manríquez; Xaviera López,2025,,conference-paper,0,10.1109/sccc67219.2025.11420408,https://doi.org/10.1109/sccc67219.2025.11420408,,,,,,,,,,,,,
11,W7140314306,Evaluating Privacy and Utility of Synthetic Tabular Data with Membership Inference Attacks,Brandon Ismalej; Xiaojun Ruan; Xunfei Jiang,2025,,conference-paper,0,10.1109/fmlds67896.2025.00017,https://doi.org/10.1109/fmlds67896.2025.00017,,,,,,,,,,,,,
12,W7148429989,Mitigating Class Imbalance in Human Resources Attrition Prediction using Hybrid Generative and Cluster-Driven Ensemble Modeling,Akhilesh Kumar Singh; Koushlendra Kumar Singh,2026,Human-Centric Intelligent Systems,article,0,10.1007/s44230-026-00146-5,https://doi.org/10.1007/s44230-026-00146-5,,,,,,,,,,,,,
12,W7152099697,Synthetic Homes: A Multimodal Generative AI Pipeline for Residential Building Data Generation under Data Scarcity,Jackson Eshbaugh; Chetan Tiwari; Jorge Silveyra,2026,SSRN Electronic Journal,preprint,0,10.2139/ssrn.6543507,https://doi.org/10.2139/ssrn.6543507,,,,,,,,,,,,,
12,W7154494127,Evaluating Fidelity in Synthetic Tabular Data Generation: A Comparative Study of CTGAN and TVAE for Human Activity Recognition Datasets,Majid Liaquat; Chris Nugent; Ian Cleland; Naveed Khan,2026,Lecture notes in networks and systems,conference-paper,0,10.1007/978-3-032-16992-1_2,https://doi.org/10.1007/978-3-032-16992-1_2,,,,,,,,,,,,,
12,W7159623463,Synthetic data through combinatorial optimization of pairwise probabilities,Josep Maria Salvia Hornos; Cèsar Fernández Camón; Carles Mateu Piñol,2026,International Journal of Data Science and Analytics,article,0,10.1007/s41060-026-01063-3,https://doi.org/10.1007/s41060-026-01063-3,https://link.springer.com/content/pdf/10.1007/s41060-026-01063-3.pdf,,,,,,,,,,,,
12,W7159989779,Mending Synthetic Healthcare Data with MAPS: Model Agnostic Post-hoc Synthetic Data Refinement Framework,Yan Li; J. A. Bartell; Anders Krogh,2026,Research Square,preprint,0,10.21203/rs.3.rs-9379765/v1,https://doi.org/10.21203/rs.3.rs-9379765/v1,,,,,,,,,,,,,
12,W7160032897,DataGenX: Generating Synthetic Relational Data from Annotated SQL Schemas,Ahmad Ghazal; Kenny Chan; Sunny Bains; Hanumath Maduri,2026,Lecture notes in computer science,conference-paper,0,10.1007/978-3-032-18070-4_7,https://doi.org/10.1007/978-3-032-18070-4_7,,,,,,,,,,,,,
12,W7160423075,Generation and statistical validation of synthetic foamed concrete mix data using a Gaussian copula model,Siraj Al Qunaynah; Kejin Wang; Y. C. Liao; Derrick K. Rollins; S. E. Hampton,2026,Journal of Building Engineering,article,0,10.1016/j.jobe.2026.116271,https://doi.org/10.1016/j.jobe.2026.116271,,,,,,,,,,,,,
12,W7160718324,ReL8r: A New Benchmarking Framework for Tabular Data Generators Using Constructed Relationships,Melle Mendikowski; Benjamin Schindler; Thomas Schmid; Ralf Möller; Mattis Hartwig,2026,Communications in computer and information science,conference-paper,0,10.1007/978-3-032-19102-1_17,https://doi.org/10.1007/978-3-032-19102-1_17,,,,,,,,,,,,,
12,W7160862464,Benchmarking Statistical and Deep Generative Models for Assessing Synthetic Data Quality and Predictive Performance,Aaditya Kumar Dhaka; Apash Roy; Shrivallabha S,2025,,conference-paper,0,10.1109/rcsm67767.2025.11506724,https://doi.org/10.1109/rcsm67767.2025.11506724,,,,,,,,,,,,,
12,W7161275413,Interpretable machine learning methods based on oscillometry and electric modeling for the diagnostic of respiratory dysfunction in silicosis,Jorge Luís Machado do Amaral; Cíntia Moraes de Sá Sousa; Caroline Oliveira Ribeiro; Paula Morisco de Sá; Agnaldo José Lopes; Pedro Lopes de Melo,2026,BMC Medical Informatics and Decision Making,article,0,10.1186/s12911-026-03568-0,https://doi.org/10.1186/s12911-026-03568-0,,,,,,,,,,,,,
12,W7162663244,Scalable and Privacy-Aware Relational Data Synthesis,Antheas Kapenekakis; Daniele Dell’Aglio; Martin Bøgsted; Minos Garofalakis; Katja Hose,2026,,book-chapter,0,10.1007/978-3-032-18765-9_3,https://doi.org/10.1007/978-3-032-18765-9_3,,,,,,,,,,,,,
12,W7163027758,GAN-based augmentation for addressing data scarcity problem in building energy load prediction using optimized XGBoost,Nabaa Riyadh Baqer; Parviz Rashidi-Khazaee; Mehran Shamouei,2026,Energy,article,0,10.1016/j.energy.2026.141535,https://doi.org/10.1016/j.energy.2026.141535,,,,,,,,,,,,,
12,W7163071397,"Probabilistic Causal Modelling of Factors Contributing to Stress, Anxiety, and Depression for Nurses and Social Workers",O. A. Shaposhnyk; Daria Zahorska; Amy Beck; Katherine Bright; Linda Duffett-Leger; Svetlana Yanushkevich,2026,,conference-paper,0,10.1109/cai68641.2026.11536394,https://doi.org/10.1109/cai68641.2026.11536394,,,,,,,,,,,,,
12,W7163140652,Can synthetic data overcome the privacy and fidelity bottleneck in Pharmacometrics? A comparative benchmark using a daptomycin population pharmacokinetic model,Alexandre Destère; Romain Lombardi; Marc Labriffe; Clément Benoist; pierre marquet; Thibaud Lavrut; Alexandre Gerard; Charles Bouveyron; Jean-Baptiste Woillard,2026,medRxiv,preprint,0,10.64898/2026.05.30.26354512,https://doi.org/10.64898/2026.05.30.26354512,,,,,,,,,,,,,
12,W7163755047,TabTokWak: Token(less)-Value Watermarking for Tabular Foundational Models,Jeroen M. Galjaard; Chaoyi Zhu; Robert Birke; Pin‐Yu Chen; Cornelis Bos; Lydia Y. Chen,2026,Lecture notes in computer science,conference-paper,0,10.1007/978-981-92-1300-9_23,https://doi.org/10.1007/978-981-92-1300-9_23,,,,,,,,,,,,,
12,W7163879309,rsdv: Synthetic Tabular Data Generation with Gaussian Copulas,Kailas Venkitasubramanian,2026,,dataset,0,10.32614/cran.package.rsdv,https://doi.org/10.32614/cran.package.rsdv,https://cran.r-project.org/web/packages/rsdv/rsdv.pdf,,,,,,,,,,,,
12,W7164512052,MoE-T: Dependency Graph-Gated Mixture of Experts for Tabular Generation with Functional Dependency,Mary Grace Dhooghe; Murat Kantarcıoğlu; Bhavani Thuraisingham,2026,,conference-paper,0,10.1145/3800506.3803499,https://doi.org/10.1145/3800506.3803499,,,,,,,,,,,,,
12,W7164842136,"Online Digital Tools for Expert Assisted Self-Evaluation of Environmental Impact: Benchmarking, Synthetic Data Generation and Advanced Analytics Based on Use Case Life Cycle Assessment",David Nettleton; David Fernández‐Gutiérrez; Hasler Iglesias; Daniele Spinelli; Matteo Maccanti; Poojan Timilsina; Isay González; Paulina Guajardo; Emad Yaghmaei,2026,Applied Sciences,article,0,10.3390/app16126047,https://doi.org/10.3390/app16126047,,,,,,,,,,,,,
12,W7164908577,GaussianCopula-Based Synthetic Data Generation for Turbocharger Fault Scenario Simulation and SFOC Degradation Modelling in Two-Stroke Marine Diesel Engines,Üstün Atak,2026,Applied Sciences,article,0,10.3390/app16126074,https://doi.org/10.3390/app16126074,https://www.mdpi.com/2076-3417/16/12/6074/pdf?version=1781596275,,,,,,,,,,,,
12,W7165034326,Risk Assessment for Sustainable Highway Construction Under Limited Data: A Hybrid Decision-Analytical and Machine Learning Framework,Aigul Zhasmukhambetova; Harry Evdorides; Richard J. Davies,2026,Sustainability,article,0,10.3390/su18126203,https://doi.org/10.3390/su18126203,https://www.mdpi.com/2071-1050/18/12/6203/pdf?version=1781617972,,,,,,,,,,,,
12,W7165478275,Use of CART and Gaussian Copula for synthetic data generation: A comparative study on the effects of COVID-19 on education and mental health,Denize Palmito dos Santos; Julio Cezar Souza Vasconcelos,2026,Communications in Statistics Case Studies Data Analysis and Applications,article,0,10.1080/23737484.2026.2683475,https://doi.org/10.1080/23737484.2026.2683475,,,,,,,,,,,,,
12,W7165560638,A Reproducible Synthetic Socio-Digital Network Dataset for Analyzing Digital Gaps in Community-Based Tourism Communities in Rural Ecuador,Dolores Mieles-Ceballos; Lourdes Suntagsi-Tuasa; Jael Zambrano-Mieles; Velasco Zambrano-Burgos; Miguel Vera; Nicolás Márquez; Cristian Vidal-Silva,2026,Data,article,0,10.3390/data11060151,https://doi.org/10.3390/data11060151,,,,,,,,,,,,,
12,W7165666617,Hy-Synergy: geração sintética de dados tabulares em saúde guiada por diagnóstico local,Mauro Henrique Lima de Boni; Iwens G. Sene; Ronaldo Martins da Costa,2026,,conference-paper,0,10.5753/sbcas.2026.21649,https://doi.org/10.5753/sbcas.2026.21649,https://sol.sbc.org.br/index.php/sbcas/article/download/42836/42603,,,,,,,,,,,,
12,W7165901342,Ensuring Data Privacy and Utility in Synthetic Data Generation for Analysis of International Student Admissions Data,Diana Kalibatienė; Julius Jancevičius; Kęstutis Normantas; Algirdas Laukaitis,2026,Communications in computer and information science,conference-paper,0,10.1007/978-3-032-30863-4_13,https://doi.org/10.1007/978-3-032-30863-4_13,,,,,,,,,,,,,
12,W7166803541,MADiff-T: Multi-agent evolutionary calibration of diffusion models for privacy-audited tabular data generation,Kumail Javaid; Meng Yuan; Yukang Cui,2026,Knowledge-Based Systems,article,0,10.1016/j.knosys.2026.116515,https://doi.org/10.1016/j.knosys.2026.116515,,,,,,,,,,,,,
12,W7167585290,Privacy-Preserving Generation of Synthetic Pathology Reports for Information Extraction,Alejandra Lorenzo; Adrien Coulet; Claire Gardent,2026,Lecture notes in computer science,conference-paper,0,10.1007/978-3-032-30710-1_8,https://doi.org/10.1007/978-3-032-30710-1_8,,,,,,,,,,,,,
12,W7167784751,COOPER: An Open Dataset of Synthetic Mobile Network Performance Indicators for Reproducible Research,M. Sousa; M. Cilínio; T. Saraiva; L. Mata; P. Vieira,2026,,conference-paper,0,10.1109/ict70370.2026.11594714,https://doi.org/10.1109/ict70370.2026.11594714,,,,,,,,,,,,,
12,W7168022227,TabRLLM: Tabular Data Generation via Local-to-Global Rule Extraction in Low-Data Regimes,YangChen Ou; Jun Fang; Enyu Cui,2026,Lecture notes in computer science,conference-paper,0,10.1007/978-981-92-2862-1_18,https://doi.org/10.1007/978-981-92-2862-1_18,,,,,,,,,,,,,
12,W7168395697,F2-Gen: An Open-Source Web Platform for Scenario-Driven Financial Fraud Data Simulation,Junquan Gu; Zehao Gong; Runchen Ji; Kun Shi; Xiangfeng Luo; Hang Yu,2026,,conference-paper,0,10.1145/3805712.3808582,https://doi.org/10.1145/3805712.3808582,,,,,,,,,,,,,
12,W7169520591,ML-Based Anomaly Detection for Mitigating Cyber-Physical Attacks in Healthcare Blockchain Networks,Faiza Hashim; Khaled Shuaib,2026,Lecture notes in computer science,conference-paper,0,10.1007/978-3-032-19981-2_7,https://doi.org/10.1007/978-3-032-19981-2_7,,,,,,,,,,,,,
12,W7169808676,Identifying and Protecting Records at Risk for Membership Inference Attacks Against Synthetic Data,Nina Niederhametner; Rudolf Mayer,2026,Lecture notes in computer science,conference-paper,0,10.1007/978-3-032-33260-8_27,https://doi.org/10.1007/978-3-032-33260-8_27,,,,,,,,,,,,,
12,W7170535587,Anonymized but Useful Synthetic Tabular Health Data for AI based Fall Risk Assessment,Ivana Nanevski; Sebastian Jäger; Maryam Mohebi; Matthias Schulte-Althoff; Jörg Pohle; Nicholas Chandler; Rahel Gubser; Alessia Nowak; Fabian Praßer; Daniel Fürstenau; Felix Balzer; Felix Biessmann,2026,Scientific Data,data-paper,0,10.1038/s41597-026-07910-z,https://doi.org/10.1038/s41597-026-07910-z,https://www.nature.com/articles/s41597-026-07910-z.pdf,,,,,,,,,,,,
12,W7171551483,AE-AEPD: Repurposing Adversarial Evasion for Cross-Omics Linkage Defense,M. Zohrabi; Gamze Gürsoy; Russell P. Bowler; Katerina Kechris; Farnoush Banaei‐Kashani,2026,,conference-paper,0,10.1145/3807503.3819457,https://doi.org/10.1145/3807503.3819457,,,,,,,,,,,,,
12,W7171673380,FENRIS: A Reproducible Benchmarking Framework for Federated Synthetic Tabular Data Generation in Healthcare,Trond Thorsteinsson; Ken Solbakken Remen; Alexander Rød Opedal; Bård Hogne Solheimslid Linga; Thomas Stavik Lønning; Narasimha Raghavan Veeraragavan; Safiqul Islam; Boning Feng; Jan F Nygård,2026,,conference-paper,0,10.1109/flics70075.2026.11621937,https://doi.org/10.1109/flics70075.2026.11621937,,,,,,,,,,,,,
12,W7171708601,TabularQGAN: a quantum generative model for tabular data synthesis,Pallavi Bhardwaj; C. R. Jones; Lasse Dierich; Aleksandar Vučković,2026,Scientific Reports,article,0,10.1038/s41598-026-62434-1,https://doi.org/10.1038/s41598-026-62434-1,https://www.nature.com/articles/s41598-026-62434-1.pdf,,,,,,,,,,,,
12,W7171815114,Establishment of Standard Models Using Copula-Based Data Augmentation and Genetic Algorithms for Improving the Energy Performance of Small-Scale Aging Buildings,Shin Kim; Joung-Joo Choi; Yong-Joon Jun; Kyung-Soon Park,2026,Buildings,article,0,10.3390/buildings16153030,https://doi.org/10.3390/buildings16153030,,,,,,,,,,,,,
12,W7171946132,"Synthetic Customer 360 Benchmark for Customer Data Quality, Identity Resolution, and Survivorship in Omnichannel Retail",PRADEEP ARONKAR,2026,Research Square,preprint,0,10.21203/rs.3.rs-10525890/v1,https://doi.org/10.21203/rs.3.rs-10525890/v1,https://www.researchsquare.com/article/rs-10525890/latest.pdf,,,,,,,,,,,,
12,W7171950237,A MACHINE LEARNING APPROACH BASED ON SYNTHETIC DATA FOR ESTIMATING CARBON FOOTPRINT IN LOGISTICS PROCESSES,Bora ÖÇAL,2026,Uluslararası İktisadi ve İdari İncelemeler Dergisi,article,0,10.18092/ulikidince.1940624,https://doi.org/10.18092/ulikidince.1940624,https://dergipark.org.tr/en/download/article-file/5962878,,,,,,,,,,,,
12,W7171952518,SmartGen: Synthesizing Context-Aware User Behavior Data for Adaptive Smart Home Intelligence,Zhiyao Xu; Dan Zhao; Qingsong Zou; Qing Li; Yong Jiang; Yuhang Wang; Jingyu Xiao,2026,,conference-paper,0,10.1145/3770854.3780267,https://doi.org/10.1145/3770854.3780267,,,,,,,,,,,,,
12,W7172207321,SynGenEva: A Generator-Agnostic Evaluation Protocol for Synthetic Tabular Data,Yi Chen; Verena Kantere,2026,Lecture notes in computer science,conference-paper,0,10.1007/978-3-032-34377-2_10,https://doi.org/10.1007/978-3-032-34377-2_10,,,,,,,,,,,,,
12,W7172298070,Fuzzy Distribution Modeling for Synthetic Tabular Data Generation with Causality Preservation,Michael Vasilakakis; Dimitris K. Iakovidis,2026,,conference-paper,0,10.1109/fuzz69877.2026.11626474,https://doi.org/10.1109/fuzz69877.2026.11626474,,,,,,,,,,,,,
12,W7172416595,Geração de Dados Sintéticos com IA Generativa: Inovação Segura e Governança Alinhadas à LGPD e ao ECA Digital,Suerdo Flaubert C. de Lucena Júnior; Juliana Saraiva,2026,,conference-paper,0,10.5753/wics.2026.21274,https://doi.org/10.5753/wics.2026.21274,https://sol.sbc.org.br/index.php/wics/article/download/43209/42975,,,,,,,,,,,,
12,W7172427714,Multi-class severity classification of peripheral nerve impairment using multimodal electrodiagnostic features and explainable machine learning,Alanoud S. Almakadi; Dana S. Alnemari; Nadine T. Alsahafi; Salma Almutairi; Sarah Sadik; Noura Alotaibi; Ali N. Alshammari,2026,Neurological Research,article,0,10.1080/01616412.2026.2712459,https://doi.org/10.1080/01616412.2026.2712459,,,,,,,,,,,,,
12,W7172548398,Predicting asthma-related hospitalizations in underserved and rural populations in Algeria,Amin Bouamar; Ghalem Belalem; Boumedyen Belaid; Dalila Benatta; Abdelmadjid Snouber,2026,Health Care Management Science,article,0,10.1007/s10729-026-09784-4,https://doi.org/10.1007/s10729-026-09784-4,,,,,,,,,,,,,
12,W7196985226,LCATS: LLM-Guided Constraint-Aware Tabular Data Synthesis,Qing Li; Yanyan Shen; Qibin Zheng; Yi Liu; Xingchun Diao,2026,,conference-paper,0,10.1145/3770855.3818181,https://doi.org/10.1145/3770855.3818181,,,,,,,,,,,,,
12,W7201885309,Synthetic Longitudinal Tabular Data Generation via Copula,Hanchang Cai; Wenshan Yu; Ruijin Lu; Ishanu Chattopadhyay; Xinlian Zhang; Jinyuan Liu,2026,bioRxiv (Cold Spring Harbor Laboratory),preprint,0,10.64898/2026.08.03.742474,https://doi.org/10.64898/2026.08.03.742474,,,,,,,,,,,,,
12,W7202204615,SynthEquity: A Privacy-Preserving Computational Framework for Identifying and Mitigating Medical Deserts Using Generative AI,Sarah Zhou,2026,Lecture notes in computer science,conference-paper,0,10.1007/978-3-032-35387-0_25,https://doi.org/10.1007/978-3-032-35387-0_25,,,,,,,,,,,,,
12,W7202259448,Batcher: Learning to Construct Cost-Efficient Batches of Small Queries in Big Data Processing Platforms,Yeonsu Park; Taesung Lee; Byungchul Tak; Wook-Shin Han,2026,,conference-paper,0,10.1109/icde65706.2026.00158,https://doi.org/10.1109/icde65706.2026.00158,,,,,,,,,,,,,
12,W7202263300,TabLoft: Tabular Data Generation Based on LLM with Ordered Features,Luyu Chen; Changhao Wu; Jingyi Li; Sen Liu; Guangnan Ye; Hongfeng Chai,2026,,conference-paper,0,10.1109/icde65706.2026.00083,https://doi.org/10.1109/icde65706.2026.00083,,,,,,,,,,,,,
12,W7202272005,Synthetic Tabular Data Generation for Data Storage Systems,Kirill Katsuba; Sergey Ivanov; Stanislav Polyakov; Alexandr Manjurov; Mikhail Hushchyn,2026,,conference-paper,0,10.1109/edm69524.2026.11632083,https://doi.org/10.1109/edm69524.2026.11632083,,,,,,,,,,,,,
13,W7202339523,Multi-output machine-learning benchmark and Pareto-based decision support for electron-beam welding of thin-walled titanium structures with comparative synthetic-data augmentation,Valeriya V. Tynchenko; Sergei Kurashkin; Vladimir V. Bukhtoyarov; Tee Connie; Aleksei S. Borodulin; Artem. Y. Mikhailov; Vadim S. Tynchenko,2026,The International Journal of Advanced Manufacturing Technology,article,0,10.1007/s00170-026-18892-y,https://doi.org/10.1007/s00170-026-18892-y,,,,,,,,,,,,,
13,W2969724595,TabNet: Attentive Interpretable Tabular Learning,Sercan Ö. Arık; Tomas Pfister,2021,Proceedings of the AAAI Conference on Artificial Intelligence,conference-paper,131,10.1609/aaai.v35i8.16826,https://doi.org/10.1609/aaai.v35i8.16826,,,,,,,,,,,,,
13,W3085543735,On Generating Plausible Counterfactual and Semi-Factual Explanations for Deep Learning,Eoin M. Kenny; Mark T. Keane,2021,Proceedings of the AAAI Conference on Artificial Intelligence,conference-paper,92,10.1609/aaai.v35i13.17377,https://doi.org/10.1609/aaai.v35i13.17377,,,,,,,,,,,,,
13,W3130546986,A Comprehensive Review on Medical Diagnosis Using Machine Learning,Kaustubh Arun Bhavsar; Ahed Abugabah; Jimmy Singla; Ahmad Ali AlZubi; Ali Kashif Bashir; Nikita Nikita,2021,"Computers, materials & continua/Computers, materials & continua (Print)",article,53,10.32604/cmc.2021.014943,https://doi.org/10.32604/cmc.2021.014943,https://file.techscience.com/uploads/attached/file/20210129/20210129014451_22815.pdf,,,,,,,,,,,,
13,W3150841544,The Additive Input-Doubling Method Based on the SVR with Nonlinear Kernels: Small Data Approach,Ivan Izonin; Roman Tkachenko; Nataliya Shakhovska; Nataliia Lotoshynska,2021,Symmetry,article,53,10.3390/sym13040612,https://doi.org/10.3390/sym13040612,https://www.mdpi.com/2073-8994/13/4/612/pdf?version=1617940890,,,,,,,,,,,,
13,W3212864001,"Synthetic sampling from small datasets: A modified mega-trend diffusion approach using <mml:math xmlns:mml=""http://www.w3.org/1998/Math/MathML"" display=""inline"" id=""d1e1807"" altimg=""si73.svg""><mml:mi>k</mml:mi></mml:math>-nearest neighbors",Jayanth Sivakumar; Karthik Ramamurthy; Menaka Radhakrishnan; Daehan Won,2021,Knowledge-Based Systems,article,51,10.1016/j.knosys.2021.107687,https://doi.org/10.1016/j.knosys.2021.107687,,,,,,,,,,,,,
13,W3210343468,Battery pack consistency modeling based on generative adversarial networks,Xinyuan Fan; Weige Zhang; Bingxiang Sun; Junwei Zhang; Xitian He,2021,Energy,article,47,10.1016/j.energy.2021.122419,https://doi.org/10.1016/j.energy.2021.122419,,,,,,,,,,,,,
13,W4378894091,Maize yield prediction using federated random forest,Qiusi Zhang; Xiangyu Zhao; Xiangyu Zhao; Yanyun Han; Feng Yang; Shouhui Pan; Zhongqiang Liu; Kaiyi Wang; Chunjiang Zhao,2023,Computers and Electronics in Agriculture,article,43,10.1016/j.compag.2023.107930,https://doi.org/10.1016/j.compag.2023.107930,,,,,,,,,,,,,
13,W3201886739,STAN: Synthetic Network Traffic Generation with Generative Neural Models,Shengzhe Xu; Manish Marwah; Martin Arlitt; Naren Ramakrishnan,2021,Communications in computer and information science,conference-paper,38,10.1007/978-3-030-87839-9_1,https://doi.org/10.1007/978-3-030-87839-9_1,,,,,,,,,,,,,
13,W4407796819,Ensuring privacy through synthetic data generation in education,Qinyi Liu; Ronas Shakya; Jelena Jovanović; Mohammad Khalil; Javier de la Hoz‐Ruiz,2025,British Journal of Educational Technology,article,17,10.1111/bjet.13576,https://doi.org/10.1111/bjet.13576,,,,,,,,,,,,,
13,W3088465102,SMOOTH-GAN: Towards Sharp and Smooth Synthetic EHR Data Generation,Sina Rashidian; Fusheng Wang; Richard A. Moffitt; Víctor García; Anurag Dutt; Wei Chang; Vishwam Pandya; Janos Hajagos; Mary Saltz; Joel Saltz,2020,Lecture notes in computer science,conference-paper,49,10.1007/978-3-030-59137-3_4,https://doi.org/10.1007/978-3-030-59137-3_4,,,,,,,,,,,,,
13,W3081094761,Conditional Wasserstein GAN-based oversampling of tabular data for imbalanced learning,Justin Engelmann; Stefan Lessmann,2021,Expert Systems with Applications,article,27,10.1016/j.eswa.2021.114582,https://doi.org/10.1016/j.eswa.2021.114582,,,,,,,,,,,,,
13,W4285392836,CTTGAN: Traffic Data Synthesizing Scheme Based on Conditional GAN,Jiayu Wang; Xuehu Yan; Lintao Liu; Longlong Li; Yongqiang Yu,2022,Sensors,article,25,10.3390/s22145243,https://doi.org/10.3390/s22145243,https://www.mdpi.com/1424-8220/22/14/5243/pdf?version=1657711617,,,,,,,,,,,,
13,W3150522965,Deep Generative Models to Counter Class Imbalance: A Model-Metric Mapping With Proportion Calibration Methodology,Behroz Mirza; Danish Haroon; Behraj Khan; Ali Padhani; Tahir Syed,2021,IEEE Access,article,23,10.1109/access.2021.3071389,https://doi.org/10.1109/access.2021.3071389,https://ieeexplore.ieee.org/ielx7/6287639/9312710/09395632.pdf,,,,,,,,,,,,
13,W3162706835,A Multi Class Classification for Detection of IoT Botnet Malware,Hrushikesh Chunduri; T. Gireesh Kumar; P. V. Sai Charan,2021,Communications in computer and information science,conference-paper,22,10.1007/978-3-030-76776-1_2,https://doi.org/10.1007/978-3-030-76776-1_2,,,,,,,,,,,,,
13,W3182698277,AutoScore-Imbalance: An interpretable machine learning tool for development of clinical scores with rare events data,Han Yuan; Feng Xie; Marcus Eng Hock Ong; Yilin Ning; Marcel Lucas Chee; Seyed Ehsan Saffari; Hairil Rizal Abdullah; Benjamin A. Goldstein; Bibhas Chakraborty; Nan Liu,2022,Journal of Biomedical Informatics,article,21,10.1016/j.jbi.2022.104072,https://doi.org/10.1016/j.jbi.2022.104072,https://www.sciencedirect.com/science/article/pii/S1532046422000880/pdf,,,,,,,,,,,,
13,W3201815891,Generating Synthetic Data to Reduce Prediction Error of Energy Consumption,Debapriya Hazra; Wafa Shafqat; Yung-Cheol Byun,2021,"Computers, materials & continua/Computers, materials & continua (Print)",article,20,10.32604/cmc.2022.020143,https://doi.org/10.32604/cmc.2022.020143,https://www.techscience.com/cmc/v70n2/44683/pdf,,,,,,,,,,,,
13,W3203927101,Artificial intelligence models in chronic lymphocytic leukemia – recommendations toward state-of-the-art,Rudi Agius; Mehdi Parviz; Carsten Utoft Niemann,2021,Leukemia & lymphoma/Leukemia and lymphoma,article,20,10.1080/10428194.2021.1973672,https://doi.org/10.1080/10428194.2021.1973672,,,,,,,,,,,,,
13,W3212816609,When Two are Better Than One: Synthesizing Heavily Unbalanced Data,Francisco Henrique Cerdeira Ferreira; Nuno Lourenço; Bruno Cabral; João Paulo Fernandes,2021,IEEE Access,article,20,10.1109/access.2021.3126656,https://doi.org/10.1109/access.2021.3126656,,,,,,,,,,,,,
13,W4395702424,CTGAN-Based Model to Mitigate Data Scarcity for Cost Estimation in Green Building Projects,Eunbin Hong; June-Seong Yi; Donghwan Lee,2024,Journal of Management in Engineering,article,12,10.1061/jmenea.meeng-5880,https://doi.org/10.1061/jmenea.meeng-5880,https://ascelibrary.org/doi/pdf/10.1061/JMENEA.MEENG-5880,,,,,,,,,,,,
13,W4384206915,Positive unlabeled learning with tensor networks,Bojan Žunkovič,2023,Neurocomputing,article,8,10.1016/j.neucom.2023.126556,https://doi.org/10.1016/j.neucom.2023.126556,,,,,,,,,,,,,
13,W4406362225,Conditional Generative Models for Synthetic Tabular Data: Applications for Precision Medicine and Diverse Representations,Kara Liu; Russ B. Altman,2025,Annual Review of Biomedical Data Science,article,7,10.1146/annurev-biodatasci-103123-094844,https://doi.org/10.1146/annurev-biodatasci-103123-094844,,,,,,,,,,,,,
13,W4402722038,Synthetic Skeleton Data Generation using Large Language Model for Nurse Activity Recognition,Umang Dobhal; C. Onder Francisco Campos Garcia; Sozo Inoue,2024,,conference-paper,6,10.1145/3675094.3678445,https://doi.org/10.1145/3675094.3678445,,,,,,,,,,,,,
13,W4407302294,Four-Dimensional Aircraft Trajectory Prediction with a Generative Deep Learning and Clustering Approach,Haoyuan Zhang; Zhizhao Liu,2025,Journal of Aerospace Information Systems,article,6,10.2514/1.i011454,https://doi.org/10.2514/1.i011454,,,,,,,,,,,,,
13,W4406332262,A Hybrid Framework for Predicting Crash Severity in Construction Work Zones Using Knowledge Distillation and Conditional GANs,Ali Hassandokht Mashhadi; Abbas Rashidi; Juan C. Medina; Nikola Marković,2025,Journal of Computing in Civil Engineering,article,5,10.1061/jccee5.cpeng-6043,https://doi.org/10.1061/jccee5.cpeng-6043,,,,,,,,,,,,,
13,W3135309452,Alleviating Class Imbalance in Actuarial Applications Using Generative Adversarial Networks,Kwanda Sydwell Ngwenduna; Rendani Mbuvha,2021,Risks,article,23,10.3390/risks9030049,https://doi.org/10.3390/risks9030049,https://www.mdpi.com/2227-9091/9/3/49/pdf?version=1615275615,,,,,,,,,,,,
13,W3106989878,AE-OT-GAN: Training GANs from Data Specific Latent Distribution,Dongsheng An; Yang Guo; Min Zhang; Xin Qi; Na Lei; Xianfeng Gu,2020,Lecture notes in computer science,conference-paper,16,10.1007/978-3-030-58574-7_33,https://doi.org/10.1007/978-3-030-58574-7_33,,,,,,,,,,,,,
13,W3207268052,Internet of Things (IoTs) Security: Intrusion Detection using Deep Learning,Özgür Koray Şahingöz; Uğur Çekmez; Ali Buldu,2021,Journal of Web Engineering,article,13,10.13052/jwe1540-9589.2062,https://doi.org/10.13052/jwe1540-9589.2062,,,,,,,,,,,,,
13,W4304782139,Towards Developing a Robust Intrusion Detection Model Using Hadoop–Spark and Data Augmentation for IoT Networks,Ricardo Manzano; Marzia Zaman; Nishith Goel; Kshirasagar Naik; Rohit Joshi,2022,Sensors,article,9,10.3390/s22207726,https://doi.org/10.3390/s22207726,https://www.mdpi.com/1424-8220/22/20/7726/pdf?version=1665569242,,,,,,,,,,,,
13,W4388633383,Cross-modal self-attention mechanism for controlling robot volleyball motion,Meifang Wang; Zhange Liang,2023,Frontiers in Neurorobotics,article,8,10.3389/fnbot.2023.1288463,https://doi.org/10.3389/fnbot.2023.1288463,https://www.frontiersin.org/articles/10.3389/fnbot.2023.1288463/pdf?isPublishedV2=False,,,,,,,,,,,,
13,W4403428408,Application of Machine Learning Models for Malware Classification With Real and Synthetic Datasets,Santosh Joshi; Alexander Pons; Shrirang Ambaji Kulkarni; Himanshu Upadhyay,2024,International Journal of Information Security and Privacy,article,1,10.4018/ijisp.356513,https://doi.org/10.4018/ijisp.356513,https://www.igi-global.com/ViewTitle.aspx?TitleId=356513&isxn=9798369324721,,,,,,,,,,,,
13,W2998836606,A New Tool for Searching Sweet Spots by Using Gradient Boosting Decision Trees and Generative Adversarial Networks,Jizhou Tang; Bo Fan; Ganchuan Xu; Lizhi Xiao; Shouceng Tian; Shaocheng Luo; David A. Weitz,2020,International Petroleum Technology Conference,conference-paper,12,10.2523/iptc-19941-abstract,https://doi.org/10.2523/iptc-19941-abstract,,,,,,,,,,,,,
13,W3112229346,Detecting Word Based DGA Domains Using Ensemble Models,P. V. Sai Charan; Sandeep K. Shukla; P. Mohan Anand,2020,Lecture notes in computer science,conference-paper,12,10.1007/978-3-030-65411-5_7,https://doi.org/10.1007/978-3-030-65411-5_7,,,,,,,,,,,,,
13,W3207212892,Deep Learning Approach to Generate a Synthetic Cognitive Psychology Behavioral Dataset,Junggu Choi; Yoonjin Nah; Inhwan Ko; Sanghoon Han,2021,IEEE Access,article,9,10.1109/access.2021.3120083,https://doi.org/10.1109/access.2021.3120083,https://ieeexplore.ieee.org/ielx7/6287639/6514899/09570308.pdf,,,,,,,,,,,,
13,W3176739519,A Heavy-tailed Distribution Data Generation Method Based On Generative Adversarial Network,Xiaoyu Zhang; Jinglin Zhou,2021,2021 IEEE 10th Data Driven Control and Learning Systems Conference (DDCLS),conference-paper,8,10.1109/ddcls52934.2021.9455631,https://doi.org/10.1109/ddcls52934.2021.9455631,,,,,,,,,,,,,
13,W3205143131,Improving Machine-Learning Diagnostics with Model-Based Data Augmentation Showcased for a Transformer Fault,Jannis Nikolas Kahlen; Michael Andres; Albert Moser,2021,Energies,article,8,10.3390/en14206816,https://doi.org/10.3390/en14206816,https://www.mdpi.com/1996-1073/14/20/6816/pdf?version=1634704705,,,,,,,,,,,,
13,W3122552943,Synthesizing Individual Consumers′ Credit Historical Data Using Generative Adversarial Networks,Nari Park; Yeong Hyeon Gu; Seong Joon Yoo,2021,Applied Sciences,article,6,10.3390/app11031126,https://doi.org/10.3390/app11031126,https://www.mdpi.com/2076-3417/11/3/1126/pdf?version=1612256812,,,,,,,,,,,,
13,W3092060419,Performance Comparison of Multi-class SVM with Oversampling Methods for Imbalanced Data Classification,Seunghyun Park; Hyunhee Park,2020,Lecture notes in networks and systems,conference-paper,4,10.1007/978-3-030-61108-8_11,https://doi.org/10.1007/978-3-030-61108-8_11,,,,,,,,,,,,,
13,W4387544250,Poster: Exploring Synthetic Data Generation for Anomaly Detection in the 5G NWDAF Architecture,Jiwon Ock; Hyeon No; Seongmin Kim,2023,,conference-paper,4,10.1109/icdcs57875.2023.00129,https://doi.org/10.1109/icdcs57875.2023.00129,,,,,,,,,,,,,
13,W4391952605,Multi-Label Tabular Synthetic Data Generation for Bundle Recommendation Problem,Aakash Swami; V Tirumala,2023,,conference-paper,4,10.1109/icdds59137.2023.10434763,https://doi.org/10.1109/icdds59137.2023.10434763,,,,,,,,,,,,,
13,W4387223711,Utilizing Synthetic Tabular Data Method to Improve Heart Attack Prediction Accuracy,Randa Shaker Abd-Alhussain; Hadab Khalid Obayes; Farah Al-Shareefi,2023,Al-Salam Journal for Engineering and Technology,article,2,10.55145/ajest.2024.03.01.002,https://doi.org/10.55145/ajest.2024.03.01.002,https://journal.alsalam.edu.iq/index.php/ajest/article/download/165/97,,,,,,,,,,,,
13,W4408177403,Understanding water consumption in a semi-permanent residential context through university student housing showers,Victoria V. Otrubina; Zahra Heydari; Ashlynn S. Stillwell,2025,Environmental Research Infrastructure and Sustainability,article,2,10.1088/2634-4505/adbd6f,https://doi.org/10.1088/2634-4505/adbd6f,,,,,,,,,,,,,
13,W4401215437,Generating Synthetic Tabular Data by Using Image Generative Adversarial Networks,Bi Li; Bang-Chuan Chen; Nankai Lin; Xueming Yan; Yue Xie; Zhifeng Hao,2024,Proceedings of the Genetic and Evolutionary Computation Conference Companion,conference-paper,1,10.1145/3638530.3664120,https://doi.org/10.1145/3638530.3664120,,,,,,,,,,,,,
13,W4410121599,Adversarial Training for Mitigating Insider-Driven XAI-Based Backdoor Attacks,R G Gayathri; Atul Sajjanhar; Yong Xiang,2025,Future Internet,article,1,10.3390/fi17050209,https://doi.org/10.3390/fi17050209,https://www.mdpi.com/1999-5903/17/5/209/pdf?version=1746544315,,,,,,,,,,,,
13,W3115265188,Synthesising Tabular Datasets Using Wasserstein Conditional GANS with Gradient Penalty (WCGAN-GP),Susan McKeever; Manhar Singh Walia,2020,Arrow - TU Dublin (Technological University Dublin),article,7,10.21427/e6wa-sz92,https://arrow.tudublin.ie/scschcomcon/289,https://arrow.tudublin.ie/cgi/viewcontent.cgi?article=1304&context=scschcomcon,,,,,,,,,,,,
13,W3034767706,Electricity Theft Detection Using Machine Learning Techniques to Secure Smart Grid,Muhammad Adil; Nadeem Javaid; Zia Ullah; Mahad Maqsood; S. M. Ali; Muhammad Awais Daud,2020,Advances in intelligent systems and computing,conference-paper,6,10.1007/978-3-030-50454-0_22,https://doi.org/10.1007/978-3-030-50454-0_22,,,,,,,,,,,,,
13,W3197806037,Probability elicitation using geostatistics in hydrocarbon exploration,André Luís Morosov; Reidar B. Bratvold,2021,Computational Geosciences,article,6,10.1007/s10596-021-10084-9,https://doi.org/10.1007/s10596-021-10084-9,https://link.springer.com/content/pdf/10.1007/s10596-021-10084-9.pdf,,,,,,,,,,,,
13,W3206537207,Beyond Simple Images: Human Knowledge-Guided GANs for Clinical Data Generation,Devendra Singh Dhami; Mayukh Das; Sriraam Natarajan,2021,,conference-paper,5,10.24963/kr.2021/24,https://doi.org/10.24963/kr.2021/24,https://proceedings.kr.org/2021/24/kr2021-0024-dhami-et-al.pdf,,,,,,,,,,,,
13,W4387172289,Causally Disentangled Generative Variational AutoEncoder,Seunghwan An; Kyungwoo Song; Jong‐June Jeon,2023,Frontiers in artificial intelligence and applications,book-chapter,5,10.3233/faia230258,https://doi.org/10.3233/faia230258,https://ebooks.iospress.nl/pdf/doi/10.3233/FAIA230258,,,,,,,,,,,,
13,W4390933839,Synthetic Data Generation,Edlira Martiri,2024,Advances in business information systems and analytics book series,book-chapter,5,10.4018/979-8-3693-0255-2.ch005,https://doi.org/10.4018/979-8-3693-0255-2.ch005,,,,,,,,,,,,,
14,W3186285674,Improving Supervised Outlier Detection by Unsupervised Representation Learning and Generative Adversarial Networks,Hirokazu Shimauchi,2021,,conference-paper,4,10.1145/3459955.3460595,https://doi.org/10.1145/3459955.3460595,,,,,,,,,,,,,
14,W4286255646,Learning to Behave: Improving Covert Channel Security with Behavior-Based Designs,Ryan Wails; Andrew Stange; Eliana Troper; Aylin Caliskan; Roger Dingledine; Rob Jansen; Micah Sherr,2022,Proceedings on Privacy Enhancing Technologies,article,4,10.56553/popets-2022-0068,https://doi.org/10.56553/popets-2022-0068,https://petsymposium.org/popets/2022/popets-2022-0068.pdf,,,,,,,,,,,,
14,W4386179307,Word2Vec Embeddings for Categorical Values in Synthetic Tabular Generation,Hahn Waldemar; Sedlmayr Martin; Markus Wolfien,2022,,conference-paper,2,10.1109/csci58124.2022.00114,https://doi.org/10.1109/csci58124.2022.00114,,,,,,,,,,,,,
14,W4400488457,Data modeling analysis of GFRP tubular filled concrete column based on small sample deep meta learning method,Tianyi Deng; Chengqi Xue; Gengpei Zhang,2024,PLoS ONE,article,2,10.1371/journal.pone.0305038,https://doi.org/10.1371/journal.pone.0305038,,,,,,,,,,,,,
14,W4401124942,P‐58: Novel Defect Data Augmentation in Display Manufacturing Process,Jungsuk Hahn; Taewoon Na; Kowoon Lee,2024,SID Symposium Digest of Technical Papers,conference-paper,2,10.1002/sdtp.17866,https://doi.org/10.1002/sdtp.17866,,,,,,,,,,,,,
14,W4389332444,MLGAN: Addressing Imbalance in Multilabel Learning Using Generative Adversarial Networks,Aatif Nisar Dar; Reshma Rastogi,2023,,conference-paper,1,10.1109/icetci58599.2023.10331105,http://dx.doi.org/10.1109/icetci58599.2023.10331105,,,,,,,,,,,,,
14,W3194773957,BIKED: A Dataset for Computational Bicycle Design with Machine Learning Benchmarks,Lyle Regenwetter; Brent Curry; Faez Ahmed,2021,Journal of Mechanical Design,article,3,10.1115/1.4052585,https://doi.org/10.1115/1.4052585,,,,,,,,,,,,,
14,W3094902949,Stabilization of Dataset Matrix Form for Classification Dataset Generation and Algorithm Selection,Ilya Sahipov; Alexey Zabashta; Andrey Filchenkov,2020,Lecture notes in computer science,conference-paper,1,10.1007/978-3-030-62365-4_7,https://doi.org/10.1007/978-3-030-62365-4_7,,,,,,,,,,,,,
14,W3154094693,Toward a Comparison of Classical and New Privacy Mechanism,Daniel Heredia-Ductram; Miguel Núñez-del-Prado; Hugo Alatrista-Salas,2021,Entropy,article,1,10.3390/e23040467,https://doi.org/10.3390/e23040467,https://www.mdpi.com/1099-4300/23/4/467/pdf?version=1618560275,,,,,,,,,,,,
14,W3098480654,Differentially Private Synthetic Data: Applied Evaluations and Enhancements,Lucas Rosenblatt; Xiaoyan Liu; Samira Pouyanfar; Eduardo de Leon; Anuj S. Desai; Joshua E. Allen,2020,arXiv (Cornell University),preprint,25,10.48550/arxiv.2011.05537,http://arxiv.org/abs/2011.05537,https://arxiv.org/pdf/2011.05537,,,,,,,,,,,,
14,W3036081308,Improving LIME Robustness with Smarter Locality Sampling,Sean Saito; Eugene Chua; Nicholas Capel; Rocco Hu,2020,arXiv (Cornell University),preprint,9,10.48550/arxiv.2006.12302,http://arxiv.org/abs/2006.12302,https://arxiv.org/pdf/2006.12302,,,,,,,,,,,,
14,W2993099128,Generative Synthesis of Insurance Datasets,Kevin Kuo,2019,RePEc: Research Papers in Economics,preprint,8,10.48550/arxiv.1912.02423,http://arxiv.org/pdf/1912.02423,http://arxiv.org/pdf/1912.02423,,,,,,,,,,,,
14,W3175965105,An Analysis of the Deployment of Models Trained on Private Tabular Synthetic Data: Unexpected Surprises,Mayana Pereira; Meghana Kshirsagar; Sumit Mukherjee; Rahul Dodhia; Juan Lavista Ferres,2021,arXiv (Cornell University),preprint,4,10.48550/arxiv.2106.10241,http://arxiv.org/abs/2106.10241,https://arxiv.org/pdf/2106.10241,,,,,,,,,,,,
14,W3145367191,Holdout-Based Fidelity and Privacy Assessment of Mixed-Type Synthetic Data,Michael Platzer; Thomas Reutterer,2021,arXiv (Cornell University),preprint,3,10.48550/arxiv.2104.00635,http://arxiv.org/abs/2104.00635,https://arxiv.org/pdf/2104.00635,,,,,,,,,,,,
14,W4372347174,Federated Learning with GANs-based Synthetic Minority Over-sampling Technique for Improving Weather Prediction from Imbalanced Data,Elaheh Jafarigol; Theodore B. Trafali̇s,2023,Research Square,preprint,3,10.21203/rs.3.rs-2880376/v1,https://doi.org/10.21203/rs.3.rs-2880376/v1,https://www.researchsquare.com/article/rs-2880376/latest.pdf,,,,,,,,,,,,
14,W3093150798,Synthesising artificial patient-level data for Open Science - an evaluation of five methods,Michael Allen; Andrew Salmon,2020,medRxiv,preprint,2,10.1101/2020.10.09.20210138,https://doi.org/10.1101/2020.10.09.20210138,https://www.medrxiv.org/content/medrxiv/early/2020/10/13/2020.10.09.20210138.full.pdf,,,,,,,,,,,,
14,W3164440368,Transitioning from Real to Synthetic data: Quantifying the bias in model,Aman Gupta; Deepak L. Bhatt; Anubha Pandey,2021,arXiv (Cornell University),preprint,2,10.48550/arxiv.2105.04144,http://arxiv.org/abs/2105.04144,https://arxiv.org/pdf/2105.04144,,,,,,,,,,,,
14,W4396554082,arfpy: A Python Package for Density Estimation and Generative Modeling with Adversarial Random Forests,Kristin Blesch; Marvin N. Wright,2024,Journal of Open Research Software,software-paper,2,10.5334/jors.492,https://doi.org/10.5334/jors.492,https://openresearchsoftware.metajnl.com/articles/492/files/663239421a429.pdf,,,,,,,,,,,,
14,W3041149363,Adversarially-learned Inference via an Ensemble of Discrete Undirected Graphical Models,Adarsh K. Jeewajee; Leslie Pack Kaelbling,2020,arXiv (Cornell University),preprint,1,10.48550/arxiv.2007.05033,http://arxiv.org/abs/2007.05033,https://arxiv.org/pdf/2007.05033,,,,,,,,,,,,
14,W3183449799,"Generative Models for Security: Attacks, Defenses, and Opportunities",Luke A. Bauer; Vincent Bindschaedler,2021,arXiv (Cornell University),preprint,1,10.48550/arxiv.2107.10139,http://arxiv.org/abs/2107.10139,https://arxiv.org/pdf/2107.10139,,,,,,,,,,,,
14,W3185516589,TableGAN-MCA: Evaluating Membership Collisions of GAN-Synthesized Tabular Data Releasing,Aoting Hu; Renjie Xie; Zhigang Lü; Aiqun Hu; Minhui Xue,2021,arXiv (Cornell University),preprint,1,10.48550/arxiv.2107.13190,http://arxiv.org/abs/2107.13190,https://arxiv.org/pdf/2107.13190,,,,,,,,,,,,
14,W3195733386,Mitigating Greenhouse Gas Emissions Through Generative Adversarial Networks Based Wildfire Prediction,Sifat Karim Chowdhury; K. J. Zhu; Yu Zhang,2022,,preprint,1,10.46855/energy-proceedings-8678,https://doi.org/10.46855/energy-proceedings-8678,https://www.energy-proceedings.org/wp-content/uploads/vol17/MITAB_2021_paper_201.pdf,,,,,,,,,,,,
14,W4283392345,Assessing Deep Generative Models on Time-Series Network Data,Muhammad Haris Naveed; Umair Hashmi; Nayab Tajved; Neha Sultan; Muhammad Ali Imran,2022,,preprint,1,10.36227/techrxiv.17296235.v2,https://doi.org/10.36227/techrxiv.17296235.v2,https://www.techrxiv.org/articles/preprint/Is_Synthetic_The_New_Real_Performance_Analysis_of_Time_Series_Generation_Techniques_with_Focus_on_Network_Load_Forecasting/17296235/2/files/34825804.pdf,,,,,,,,,,,,
14,W4394699150,Transfer Learning Model for Indoor Personal Thermal Comfort  Prediction in Tropical Regions: A Case Study of the West Bengal,Yinghao Jiao; Tan Zhi,2024,SSRN Electronic Journal,preprint,1,10.2139/ssrn.4790452,http://dx.doi.org/10.2139/ssrn.4790452,,,,,,,,,,,,,
14,W3091520181,Tabular GANs for Uneven Distribution,Insaf Ashrapov,2020,Preprints.org,preprint,0,10.20944/preprints202010.0101.v1,https://doi.org/10.20944/preprints202010.0101.v1,https://www.preprints.org/manuscript/202010.0101/v1/download,,,,,,,,,,,,
14,W4306803124,Privacy-preserving personal data analysis,Chang Q. Sun,2022,,dissertation,0,10.26481/dis.20221114cs,https://doi.org/10.26481/dis.20221114cs,https://cris.maastrichtuniversity.nl/files/109152399/c7644.pdf,,,,,,,,,,,,
14,W4386815369,Evaluating Curriculum Learning Strategies for Pancreatic Cancer Prediction,Eduardo Mosqueira-Rey; David Vázquez-Lema; Elena Hernández-Pereira,2023,,conference-paper,0,10.14428/esann/2023.es2023-141,http://doi.org/10.14428/esann/2023.es2023-141,https://doi.org/10.14428/esann/2023.es2023-141,,,,,,,,,,,,
14,W4387877151,A Distributed Approach to Meteorological Predictions: Addressing Data Imbalance in Precipitation Prediction Models through Federated Learning and GANs,Elaheh Jafarigol; Theodore B. Trafalis,2023,Research Square,preprint,0,10.21203/rs.3.rs-3463206/v1,http://dx.doi.org/10.21203/rs.3.rs-3463206/v1,https://www.researchsquare.com/article/rs-3463206/latest.pdf,,,,,,,,,,,,
14,W4389272019,Multi-Stage Classification Scheme to Optimize Medical Treatments,Karen Gishyan,2023,Mathematical Problems of Computer Science,article,0,10.51408/1963-0108,https://doi.org/10.51408/1963-0108,http://mpcs.sci.am/index.php/mpcs/article/download/809/594,,,,,,,,,,,,
14,W4402331292,Generating virtual patient data for in silico clinical trials of medical devices during extracorporeal membrane oxygenation treatment,Micha Landoll; Yifei Huang; Filippo Follegot; Stephan Straßmann; Ulrich Steinseifer; Christian Karagiannidis; Michael Neidlin,2024,bioRxiv (Cold Spring Harbor Laboratory),preprint,0,10.1101/2024.09.03.610823,http://dx.doi.org/10.1101/2024.09.03.610823,https://www.biorxiv.org/content/biorxiv/early/2024/09/07/2024.09.03.610823.full.pdf,,,,,,,,,,,,
14,W4412398495,Predicting the damage effect of the total ionizing dose of bipolar junction transistors based on multi-strategy fusion optimization,Shuai Liu; Fei Cao; Zujun Wang; Jianqiang Qin; Yan Lv; Jiabin Xing,2025,AIP Advances,article,0,10.1063/5.0280815,https://doi.org/10.1063/5.0280815,,,,,,,,,,,,,
14,W4412750916,FADEL: Ensemble Learning Enhanced by Feature Augmentation and Discretization,Chuan-Sheng Hung; Chun‐Hung Richard Lin; Shi-Huang Chen; You-Cheng Zheng; Cheng-Han Yu; Cheng‐Wei Hung; Ting-Hsin Huang; Jui‐Hsiu Tsai,2025,Bioengineering,article,0,10.3390/bioengineering12080827,https://doi.org/10.3390/bioengineering12080827,https://www.mdpi.com/2306-5354/12/8/827/pdf?version=1753882557,,,,,,,,,,,,
14,W2966284335,AutoML: A survey of the state-of-the-art,Xin He; Kaiyong Zhao; Xiaowen Chu,2020,Knowledge-Based Systems,article,1693,10.1016/j.knosys.2020.106622,https://doi.org/10.1016/j.knosys.2020.106622,,,,,,,,,,,,,
14,W3135347465,When Machine Learning Meets Privacy,Bo Liu; Ming Ding; Sina Shaham; Wenny Rahayu; Farhad Farokhi; Zihuai Lin,2021,ACM Computing Surveys,article,435,10.1145/3436755,https://doi.org/10.1145/3436755,,,,,,,,,,,,,
14,W4391018724,A comprehensive review of synthetic data generation in smart farming by using variational autoencoder and generative adversarial network,Yaganteeswarudu Akkem; Saroj Kr. Biswas; Aruna Varanasi,2024,Engineering Applications of Artificial Intelligence,article,251,10.1016/j.engappai.2024.107881,https://doi.org/10.1016/j.engappai.2024.107881,,,,,,,,,,,,,
14,W4210743106,Imbalanced data classification: A KNN and generative adversarial networks-based hybrid approach for intrusion detection,Hongwei Ding; Leiyang Chen; Liang Dong; Zhongwang Fu; Xiaohui Cui,2022,Future Generation Computer Systems,article,236,10.1016/j.future.2022.01.026,https://doi.org/10.1016/j.future.2022.01.026,,,,,,,,,,,,,
14,W3094015353,Predicting Ultra-High-Performance Concrete Compressive Strength Using Tabular Generative Adversarial Networks,Afshin Marani; Armin Jamali; Moncef L. Nehdi,2020,Materials,article,177,10.3390/ma13214757,https://doi.org/10.3390/ma13214757,https://www.mdpi.com/1996-1944/13/21/4757/pdf?version=1603536486,,,,,,,,,,,,
14,W3092732263,DECE: Decision Explorer with Counterfactual Explanations for Machine Learning Models,Furui Cheng; Yao Ming; Huamin Qu,2020,IEEE Transactions on Visualization and Computer Graphics,article,117,10.1109/tvcg.2020.3030342,https://doi.org/10.1109/tvcg.2020.3030342,,,,,,,,,,,,,
14,W3130041319,Transfer learning for thermal comfort prediction in multiple cities,Nan Gao; Wei Shao; Mohammad Saiedur Rahaman; Jun Zhai; Klaus David; Flora D. Salim,2021,Building and Environment,article,103,10.1016/j.buildenv.2021.107725,https://doi.org/10.1016/j.buildenv.2021.107725,,,,,,,,,,,,,
14,W4229442974,Artificial Intelligence: A Universal Virtual Tool to Augment Tutoring in Higher Education,K Hemachandran; Priti Verma; Purvi Pareek; Nidhi Arora; Korupalli V Rajesh Kumar; Tariq Ahamed Ahanger; Anil Audumbar Pise; Rajnish Ratna,2022,Computational Intelligence and Neuroscience,article,93,10.1155/2022/1410448,https://doi.org/10.1155/2022/1410448,https://downloads.hindawi.com/journals/cin/2022/1410448.pdf,,,,,,,,,,,,
14,W4200242438,Machine learning prediction of structural response of steel fiber-reinforced concrete beams subjected to far-field blast loading,Monjee K. Almustafa; Moncef L. Nehdi,2021,Cement and Concrete Composites,article,88,10.1016/j.cemconcomp.2021.104378,https://doi.org/10.1016/j.cemconcomp.2021.104378,,,,,,,,,,,,,
14,W4283454122,Privacy preserving Generative Adversarial Networks to model Electronic Health Records,Rohit Venugopal; Noman Shafqat; Ishwar Venugopal; Benjamin Mark John Tillbury; Harry Demetrios Stafford; Aikaterini Bourazeri,2022,Neural Networks,article,83,10.1016/j.neunet.2022.06.022,https://doi.org/10.1016/j.neunet.2022.06.022,https://www.sciencedirect.com/science/article/pii/S0893608022002374/pdf,,,,,,,,,,,,
14,W3193914348,"Explainable machine learning using real, synthetic and augmented fire tests to predict fire resistance and spalling of RC columns",M.Z. Naser; Venkatesh Kodur,2022,Engineering Structures,article,79,10.1016/j.engstruct.2021.113824,https://doi.org/10.1016/j.engstruct.2021.113824,,,,,,,,,,,,,
14,W3172256710,PC-GAIN: Pseudo-label conditional generative adversarial imputation networks for incomplete data,Yufeng Wang; Dan Li; Xiang Li; Min Yang,2021,Neural Networks,article,78,10.1016/j.neunet.2021.05.033,https://doi.org/10.1016/j.neunet.2021.05.033,,,,,,,,,,,,,
14,W4382133580,Deep learning prediction models based on EHR trajectories: A systematic review,Ali Amirahmadi; Mattias Ohlsson; Kobra Etminani,2023,Journal of Biomedical Informatics,review,73,10.1016/j.jbi.2023.104430,https://doi.org/10.1016/j.jbi.2023.104430,,,,,,,,,,,,,
14,W4379013731,Generating synthetic personal health data using conditional generative adversarial networks combining with differential privacy,Chang Sun; Johan van Soest; Michel Dumontier,2023,Journal of Biomedical Informatics,article,70,10.1016/j.jbi.2023.104404,https://doi.org/10.1016/j.jbi.2023.104404,,,,,,,,,,,,,
14,W3126260096,Genetic programming based symbolic regression for shear capacity prediction of SFRC beams,Wassim Ben Chaabene; Moncef L. Nehdi,2021,Construction and Building Materials,article,66,10.1016/j.conbuildmat.2021.122523,https://doi.org/10.1016/j.conbuildmat.2021.122523,,,,,,,,,,,,,
14,W3198025769,TabFairGAN: Fair Tabular Data Generation with Generative Adversarial Networks,Amirarsalan Rajabi; Özlem Özmen Garibay,2022,Machine Learning and Knowledge Extraction,article,64,10.3390/make4020022,https://doi.org/10.3390/make4020022,https://www.mdpi.com/2504-4990/4/2/22/pdf?version=1652689073,,,,,,,,,,,,
14,W4309287427,Prediction of ultimate condition of FRP-confined recycled aggregate concrete using a hybrid boosting model enriched with tabular generative adversarial networks,Xin-Yu Zhao; Jinxin Chen; G.M. Chen; Jinjun Xu; Li-Wen Zhang,2022,Thin-Walled Structures,article,64,10.1016/j.tws.2022.110318,https://doi.org/10.1016/j.tws.2022.110318,,,,,,,,,,,,,
14,W4389085215,Data-driven prediction and optimization of axial compressive strength for FRP-reinforced CFST columns using synthetic data augmentation,Kaihua Liu; Tian-Yu Xie; Zhong-Kui Cai; G.M. Chen; Xin-Yu Zhao,2023,Engineering Structures,article,64,10.1016/j.engstruct.2023.117225,https://doi.org/10.1016/j.engstruct.2023.117225,,,,,,,,,,,,,
15,W4292830422,Application of tabular data synthesis using generative adversarial networks on machine learning-based multiaxial fatigue life prediction,GaoYuan He; Yongxiang Zhao; ChuLiang Yan,2022,International Journal of Pressure Vessels and Piping,article,61,10.1016/j.ijpvp.2022.104779,https://doi.org/10.1016/j.ijpvp.2022.104779,,,,,,,,,,,,,
15,W4310553658,Design of concrete incorporating microencapsulated phase change materials for clean energy: A ternary machine learning approach based on generative adversarial networks,Afshin Marani; Lei Zhang; Moncef L. Nehdi,2022,Engineering Applications of Artificial Intelligence,article,61,10.1016/j.engappai.2022.105652,https://doi.org/10.1016/j.engappai.2022.105652,,,,,,,,,,,,,
15,W4205666503,A Hybrid GAN-Based Approach to Solve Imbalanced Data Problem in Recommendation Systems,Wafa Shafqat; Yung-Cheol Byun,2022,IEEE Access,article,53,10.1109/access.2022.3141776,https://doi.org/10.1109/access.2022.3141776,https://ieeexplore.ieee.org/ielx7/6287639/9668973/09676570.pdf,,,,,,,,,,,,
15,W3213807399,Property Inference Attacks Against GANs,Junhao Zhou; Yufei Chen; Chao Shen; Yang Zhang,2022,,conference-paper,43,10.14722/ndss.2022.23019,https://doi.org/10.14722/ndss.2022.23019,https://doi.org/10.14722/ndss.2022.23019,,,,,,,,,,,,
15,W4295185371,Improving mortality prediction in Acute Pancreatitis by machine learning and data augmentation,M Asad Bin Hameed; Zareen Alamgir,2022,Computers in Biology and Medicine,article,43,10.1016/j.compbiomed.2022.106077,https://doi.org/10.1016/j.compbiomed.2022.106077,,,,,,,,,,,,,
15,W4391123134,An improved generative adversarial network to oversample imbalanced datasets,Tingting Pan; Witold Pedrycz; Jie Yang; Jian Wang,2024,Engineering Applications of Artificial Intelligence,article,39,10.1016/j.engappai.2024.107934,https://doi.org/10.1016/j.engappai.2024.107934,,,,,,,,,,,,,
15,W4367665491,Toward Addressing Training Data Scarcity Challenge in Emerging Radio Access Networks: A Survey and Framework,Haneya Naeem Qureshi; Usama Masood; Marvin Manalastas; Syed Muhammad Asad Zaidi; Hasan Farooq; Julien Forgeat; Maxime Bouton; Shruti Bothe; Per Karlsson; Ali Rizwan; Ali Imran,2023,IEEE Communications Surveys & Tutorials,article,38,10.1109/comst.2023.3271419,https://doi.org/10.1109/comst.2023.3271419,https://ieeexplore.ieee.org/ielx7/9739/5451756/10113782.pdf,,,,,,,,,,,,
15,W4315630685,A Hybrid Approach With GAN and DP for Privacy Preservation of IIoT Data,Yavuz Selim Hindistan; E. Fatih Yetkin,2023,IEEE Access,article,35,10.1109/access.2023.3235969,https://doi.org/10.1109/access.2023.3235969,https://ieeexplore.ieee.org/ielx7/6287639/10005208/10013656.pdf,,,,,,,,,,,,
15,W4285090325,Leveraging deep learning algorithms for synthetic data generation to design and analyze biological networks,Srisairam Achuthan; Rishov Chatterjee; Sourabh Kotnala; Atish Mohanty; S. Bhattacharya; Ravi Salgia; Prakash Kulkarni,2022,Journal of Biosciences,article,33,10.1007/s12038-022-00278-3,https://doi.org/10.1007/s12038-022-00278-3,,,,,,,,,,,,,
15,W4393236711,Overcoming data scarcity in radiomics/radiogenomics using synthetic radiomic features,Milad Ahmadian; Zuhir Bodalal; Hedda J. van der Hulst; Conchita Vens; L.H.E. Karssemakers; Nino Bogveradze; Francesca Castagnoli; Federica Landolfi; Eun Kyoung Hong; Nicolò Gennaro; Andrea Delli Pizzi; Regina G. H. Beets‐Tan; et al.,2024,Computers in Biology and Medicine,article,32,10.1016/j.compbiomed.2024.108389,https://doi.org/10.1016/j.compbiomed.2024.108389,,,,,,,,,,,,,
15,W4388817990,ConvGeN: A convex space learning approach for deep-generative oversampling and imbalanced classification of small tabular datasets,Kristian Schultz; Saptarshi Bej; Waldemar Hahn; Markus Wolfien; Prashant K. Srivastava; Olaf Wolkenhauer,2023,Pattern Recognition,article,29,10.1016/j.patcog.2023.110138,https://doi.org/10.1016/j.patcog.2023.110138,,,,,,,,,,,,,
15,W4403623225,Enhancing bond strength prediction at UHPC-NC interface: A data-driven approach with augmentation and explainability,Tianyu Hu; Hong Zhang; Nima Khodadadi; Woubishet Zewdu Taffese; Antonio Nanni,2024,Construction and Building Materials,article,29,10.1016/j.conbuildmat.2024.138757,https://doi.org/10.1016/j.conbuildmat.2024.138757,,,,,,,,,,,,,
15,W4388000689,Synthetic Tabular Data Based on Generative Adversarial Networks in Health Care: Generation and Validation Using the Divide-and-Conquer Strategy,Ha Ye Jin Kang; Erdenebileg Batbaatar; Dong‐Woo Choi; Kui Son Choi; Minsam Ko; Kwang Sun Ryu,2023,JMIR Medical Informatics,article,27,10.2196/47859,https://doi.org/10.2196/47859,https://medinform.jmir.org/2023/1/e47859/PDF,,,,,,,,,,,,
15,W4399730606,Prediction of compressive strength of FRP-confined concrete using machine learning: A novel synthetic data driven framework,Siheng Zeng; Xin Wang; Luqing Hua; Mohamedelmujtaba Altayeb; Zhishen Wu; Fusheng Niu,2024,Journal of Building Engineering,article,26,10.1016/j.jobe.2024.109918,https://doi.org/10.1016/j.jobe.2024.109918,,,,,,,,,,,,,
15,W4283771816,Stress testing electrical grids: Generative Adversarial Networks for load scenario generation,Matteo Rizzato; Nicolas Morizet; William Maréchal; Christophe Geissler,2022,Energy and AI,article,22,10.1016/j.egyai.2022.100177,https://doi.org/10.1016/j.egyai.2022.100177,https://www.sciencedirect.com/science/article/pii/S2666546822000295/pdf,,,,,,,,,,,,
15,W4404321591,Prediction and reliability analysis of ultimate axial strength for outer circular CFRP-strengthened CFST columns with CTGAN and hybrid MFO-ET model,Viet‐Linh Tran; Jaehong Lee; Jin-Kook Kim,2024,Expert Systems with Applications,article,19,10.1016/j.eswa.2024.125704,https://doi.org/10.1016/j.eswa.2024.125704,,,,,,,,,,,,,
15,W4407004031,Real-time earthquake magnitude prediction using designed machine learning ensemble trained on real and CTGAN generated synthetic data,Anushka Joshi; Balasubramanian Raman; C. Krishna Mohan,2025,Geodesy and Geodynamics,article,18,10.1016/j.geog.2024.10.001,https://doi.org/10.1016/j.geog.2024.10.001,,,,,,,,,,,,,
15,W4409446843,Generative adversarial network approach for predicting tensile behavior and failure pattern of fiber-reinforced cementitious matrices,Aman Kumar; Afshin Marani; Moncef L. Nehdi,2025,Engineering Structures,article,15,10.1016/j.engstruct.2025.120276,https://doi.org/10.1016/j.engstruct.2025.120276,,,,,,,,,,,,,
15,W3126724469,Generative Adversarial Networks-Based Imbalance Learning in Software Aging-Related Bug Prediction,Satyendra Singh Chouhan; Santosh Singh Rathore,2021,IEEE Transactions on Reliability,article,26,10.1109/tr.2021.3052510,https://doi.org/10.1109/tr.2021.3052510,,,,,,,,,,,,,
15,W4375845069,Energy absorption analysis of origami structures based on small number of samples using conditional GAN,Dian Zhang; A. K. Qin; Shirley Shen; Adrian Trinchi; Guoxing Lu,2023,Thin-Walled Structures,article,25,10.1016/j.tws.2023.110772,https://doi.org/10.1016/j.tws.2023.110772,,,,,,,,,,,,,
15,W4387885864,Validation of a Machine Learning-Based IDS Design Framework Using ORNL Datasets for Power System With SCADA,Marzia Zaman; Darshana Upadhyay; Chung–Horng Lung,2023,IEEE Access,article,23,10.1109/access.2023.3326751,https://doi.org/10.1109/access.2023.3326751,https://ieeexplore.ieee.org/ielx7/6287639/6514899/10290880.pdf,,,,,,,,,,,,
15,W3159059380,Increasing prediction accuracy of pathogenic staging by sample augmentation with a GAN,Chang-Hyuk Kwon; Sang-Jin Park; Soohyun Ko; Jaegyoon Ahn,2021,PLoS ONE,article,21,10.1371/journal.pone.0250458,https://doi.org/10.1371/journal.pone.0250458,https://journals.plos.org/plosone/article/file?id=10.1371/journal.pone.0250458&type=printable,,,,,,,,,,,,
15,W4291200182,Generation of synthetic full-scale burst test data for corroded pipelines using the tabular generative adversarial network,Z. T. He; Wenxing Zhou,2022,Engineering Applications of Artificial Intelligence,article,21,10.1016/j.engappai.2022.105308,https://doi.org/10.1016/j.engappai.2022.105308,,,,,,,,,,,,,
15,W4327920757,Meta-learning of personalized thermal comfort model and fast identification of the best personalized thermal environmental conditions,Liangliang Chen; Ayca Ermis; Fei Meng; Ying Zhang,2023,Building and Environment,article,21,10.1016/j.buildenv.2023.110201,https://doi.org/10.1016/j.buildenv.2023.110201,,,,,,,,,,,,,
15,W4311238934,A review on data‐centric decision tools for offshore wind operation and maintenance activities: Challenges and opportunities,Yannis Hadjoudj; Ravi Pandit,2022,Energy Science & Engineering,article,19,10.1002/ese3.1376,https://doi.org/10.1002/ese3.1376,https://onlinelibrary.wiley.com/doi/pdfdirect/10.1002/ese3.1376,,,,,,,,,,,,
15,W4311415244,An Adversarial Approach for Intrusion Detection Using Hybrid Deep Learning Model,Md Asaduzzaman; Md. Mahbubur Rahman,2022,,conference-paper,19,10.1109/icitri56423.2022.9970221,https://doi.org/10.1109/icitri56423.2022.9970221,,,,,,,,,,,,,
15,W4385880574,RfGanNet: An efficient rainfall prediction method for India and its clustered regions using RfGan and deep convolutional neural networks,Kamakhya Bansal; Ashish Kumar Tripathi; Avinash Chandra Pandey; Vivek Sharma,2023,Expert Systems with Applications,article,19,10.1016/j.eswa.2023.121191,https://doi.org/10.1016/j.eswa.2023.121191,,,,,,,,,,,,,
15,W4377101177,Synthesizing credit data using autoencoders and generative adversarial networks,Goran Oreški,2023,Knowledge-Based Systems,article,18,10.1016/j.knosys.2023.110646,https://doi.org/10.1016/j.knosys.2023.110646,,,,,,,,,,,,,
15,W4409090253,Enhancing the predictive accuracy of marshall design tests using generative adversarial networks and advanced machine learning techniques,Usama Asif; Waseem Akhtar Khan; Khawaja Atif Naseem; Syed Tahir Hussain Rizvi,2025,Materials Today Communications,article,18,10.1016/j.mtcomm.2025.112379,https://doi.org/10.1016/j.mtcomm.2025.112379,,,,,,,,,,,,,
15,W4307829913,GANerAid: Realistic synthetic patient data for clinical trials,Lucas Krenmayr; Roland Frank; Christina Drobig; Michael Braungart; Jan Seidel; Daniel Schaudt; Reinhold von Schwerin; Kathrin Stucke-Straub,2022,Informatics in Medicine Unlocked,article,17,10.1016/j.imu.2022.101118,https://doi.org/10.1016/j.imu.2022.101118,https://www.sciencedirect.com/science/article/pii/S2352914822002556/pdf,,,,,,,,,,,,
15,W4391096533,Privacy-Preserving Data Sharing in Agriculture: Enforcing Policy Rules for Secure and Confidential Data Synthesis,Anantaa Kotal; Lavanya Elluri; Deepti Gupta; Varun Mandalapu; Anupam Joshi,2023,,conference-paper,17,10.1109/bigdata59044.2023.10386276,https://doi.org/10.1109/bigdata59044.2023.10386276,,,,,,,,,,,,,
15,W4392131866,A new technique for classification method with imbalanced training data,Sufal Das,2024,International Journal of Information Technology,article,17,10.1007/s41870-024-01740-1,https://doi.org/10.1007/s41870-024-01740-1,,,,,,,,,,,,,
15,W4312574524,Mixed Data Imputation Using Generative Adversarial Networks,Wasif Khan; Nazar Zaki; Amir Ahmad; Mohammad Mehedy Masud; Luqman Ali; Nasloon Ali; Luai A. Ahmed,2022,IEEE Access,article,16,10.1109/access.2022.3218067,https://doi.org/10.1109/access.2022.3218067,https://ieeexplore.ieee.org/ielx7/6287639/6514899/09932604.pdf,,,,,,,,,,,,
15,W4381803868,A Deep Learning-Based Pipeline for the Generation of Synthetic Tabular Data,Daniele Panfilo; Alexander Boudewijn; Sebastiano Saccani; Andrea Coser; Borut Svara; Carlo Rossi Chauvenet; Ciro Antonio Mami; Eric Medvet,2023,IEEE Access,article,16,10.1109/access.2023.3288336,https://doi.org/10.1109/access.2023.3288336,https://ieeexplore.ieee.org/ielx7/6287639/6514899/10158698.pdf,,,,,,,,,,,,
15,W4391092637,CasTGAN: Cascaded Generative Adversarial Network for Realistic Tabular Data Synthesis,Abdallah Alshantti; Damiano Varagnolo; Adil Rasheed; A Rahmati; Frank Westad,2024,IEEE Access,article,16,10.1109/access.2024.3356913,https://doi.org/10.1109/access.2024.3356913,https://ieeexplore.ieee.org/ielx7/6287639/6514899/10410850.pdf,,,,,,,,,,,,
15,W4391606045,Sub-clustering based recommendation system for stroke patient: Identification of a specific drug class for a given patient,Ribot Fleury Téné Ceskoutsé; Alain Bertrand Bomgni; David R. Gnimpieba Zanfack; Diing D.M. Agany; Thomas Bouetou Bouetou; Etienne Z. Gnimpiéba,2024,Computers in Biology and Medicine,article,16,10.1016/j.compbiomed.2024.108117,https://doi.org/10.1016/j.compbiomed.2024.108117,,,,,,,,,,,,,
15,W3206696332,GANs for Tabular Healthcare Data Generation: A Review on Utility and Privacy,João Coutinho‐Almeida; Pedro Pereira Rodrigues; Ricardo Cruz‐Correia,2021,Lecture notes in computer science,conference-paper,15,10.1007/978-3-030-88942-5_22,https://doi.org/10.1007/978-3-030-88942-5_22,,,,,,,,,,,,,
15,W4318594382,An ensemble oversampling method for imbalanced classification with prior knowledge via generative adversarial network,Yulin Zhang; Yuchen Liu; Yan Wang; Jie Yang,2023,Chemometrics and Intelligent Laboratory Systems,article,15,10.1016/j.chemolab.2023.104775,https://doi.org/10.1016/j.chemolab.2023.104775,,,,,,,,,,,,,
15,W4388664012,Learning from class-imbalanced data using misclassification-focusing generative adversarial networks,Jaesub Yun; Jong‐Seok Lee,2023,Expert Systems with Applications,article,15,10.1016/j.eswa.2023.122288,https://doi.org/10.1016/j.eswa.2023.122288,,,,,,,,,,,,,
15,W4392010690,Development of machine learning-based burst capacity models for pipelines containing dent-gouges with synthetic full-scale burst test data generated using tabular generative adversarial network,Ze He; Wenxing Zhou,2024,Engineering Applications of Artificial Intelligence,article,13,10.1016/j.engappai.2024.108090,https://doi.org/10.1016/j.engappai.2024.108090,,,,,,,,,,,,,
15,W4396682166,Rigorous Experimental Analysis of Tabular Data Generated using TVAE and CTGAN,Parul Yadav; Manish Gaur; Rahul Kumar Madhukar; Verma Gaurav; Pankaj Kumar; Nishat Fatima; Saqib Sarwar; Yash Raj Dwivedi,2024,International Journal of Advanced Computer Science and Applications,article,13,10.14569/ijacsa.2024.01504125,https://doi.org/10.14569/ijacsa.2024.01504125,http://thesai.org/Downloads/Volume15No4/Paper_125-Rigorous_Experimental_Analysis_of_Tabular_Data_Generated.pdf,,,,,,,,,,,,
15,W4399883620,"UMAP-SMOTENC: A simple, efficient, and consistent alternative for privacy-aware synthetic data generation",Goncalo Almeida; Fernando Bação,2024,Knowledge-Based Systems,article,12,10.1016/j.knosys.2024.112174,https://doi.org/10.1016/j.knosys.2024.112174,,,,,,,,,,,,,
15,W4380785036,Synthetic Data Generation Using Generative Adversarial Network for Burst Failure Risk Analysis of Oil and Gas Pipelines,Ram K. Mazumder; Gourav Modanwal; Yue Li,2023,ASCE-ASME Journal of Risk and Uncertainty in Engineering Systems Part B Mechanical Engineering,article,10,10.1115/1.4062741,https://doi.org/10.1115/1.4062741,,,,,,,,,,,,,
15,W4409351359,Machine learning enhanced bridge vulnerability quantification under rockfall hazards,Jingfeng Zhang; Yifan Jing; Jie Ma; Jiaxin Luo; Han Bao; Shi‐Zhi Chen,2025,Engineering Geology,article,10,10.1016/j.enggeo.2025.108066,https://doi.org/10.1016/j.enggeo.2025.108066,,,,,,,,,,,,,
15,W4403896602,Variational AutoEncoder for synthetic insurance data,Charlotte Jamotton; Donatien Hainaut,2024,Intelligent Systems with Applications,article,8,10.1016/j.iswa.2024.200455,https://doi.org/10.1016/j.iswa.2024.200455,,,,,,,,,,,,,
15,W4404055404,Micromechanics and microstructure based machine learning approach: Unveiling the role of porosity and hydrated phases on the tensile behaviour of cement pastes,Jinane Murr; Syed Yasir Alam; Frédéric Grondin,2024,Engineering Fracture Mechanics,article,8,10.1016/j.engfracmech.2024.110613,https://doi.org/10.1016/j.engfracmech.2024.110613,,,,,,,,,,,,,
15,W4404432705,Machine learning for ULCF life prediction of structural steels with synthetic data,Mingming Yu; Shuailing Li; Xu Xie,2024,Journal of Constructional Steel Research,article,8,10.1016/j.jcsr.2024.109152,https://doi.org/10.1016/j.jcsr.2024.109152,,,,,,,,,,,,,
15,W4408168985,Probabilistic risk identification and assessment model for construction projects using elicitation based bayesian network,Ania Khodabakhshian; Fulvio Re Cecconi; Enrique López Droguett,2025,Journal of Information Technology in Construction,article,8,10.36680/j.itcon.2025.009,https://doi.org/10.36680/j.itcon.2025.009,http://www.itcon.org/papers/2025_09-ITcon-Khodabakhshian.pdf,,,,,,,,,,,,
15,W4405219453,Augmenting small biomedical datasets using generative AI methods based on self-organizing neural networks,Alfred Ultsch; Jörn Lötsch,2024,Briefings in Bioinformatics,article,7,10.1093/bib/bbae640,https://doi.org/10.1093/bib/bbae640,,,,,,,,,,,,,
15,W4384788737,Enhancing glucose classification in continuous flow hydrothermal biomass liquefaction streams through generative AI and IR spectroscopy,Silviu Florin Acaru; Rosnah Abdullah; Daphne Teck Ching Lai; Ren Chong Lim,2023,Energy Advances,article,6,10.1039/d3ya00236e,https://doi.org/10.1039/d3ya00236e,https://pubs.rsc.org/en/content/articlepdf/2023/ya/d3ya00236e,,,,,,,,,,,,
16,W4412083074,Intelligent prediction of seismically-induced sloshing heights based on data augmentation,Q. Liu; Zhiyu Wang; Yi-yi Qin; Liang-ming Xie; A. C.T. Chen; Jie Liu; Xin Jin,2025,Ocean Engineering,article,6,10.1016/j.oceaneng.2025.122130,https://doi.org/10.1016/j.oceaneng.2025.122130,,,,,,,,,,,,,
16,W4412840038,Decoding non-linearity and complexity: deep tabular learning approaches for materials science,Vahid Attari; Raymundo Arróyave,2025,Digital Discovery,article,6,10.1039/d5dd00166h,https://doi.org/10.1039/d5dd00166h,https://pubs.rsc.org/en/content/articlepdf/2025/dd/d5dd00166h,,,,,,,,,,,,
16,W4413102667,In silico generation of synthetic cancer genomes using generative AI,Ander Díaz‐Navarro; Xindi Zhang; Wei Jiao; Bo Wang; Lincoln Stein,2025,Cell Genomics,article,6,10.1016/j.xgen.2025.100969,https://doi.org/10.1016/j.xgen.2025.100969,https://www.cell.com/cell-genomics/pdf/S2666-979X(25)00225-3.pdf,,,,,,,,,,,,
16,W4407103402,Data-driven signal-to-noise enhancement in scattering near-field infrared microscopy,Carlos R. Baiz; Katerina Kanevche; Jacek Kozuch; Joachim Heberle,2025,The Journal of Chemical Physics,article,5,10.1063/5.0247251,https://doi.org/10.1063/5.0247251,,,,,,,,,,,,,
16,W4392901843,Qualitative data augmentation for performance prediction in VLSI circuits,Prasha Srivastava; Pawan Kumar; Zia Abbas,2024,Integration,article,3,10.1016/j.vlsi.2024.102186,https://doi.org/10.1016/j.vlsi.2024.102186,,,,,,,,,,,,,
16,W2984789661,Towards Class-Balancing Human Comfort Datasets with GANs,Matías Quintana; Clayton Miller,2019,,conference-paper,16,10.1145/3360322.3361016,https://doi.org/10.1145/3360322.3361016,https://dl.acm.org/doi/pdf/10.1145/3360322.3361016,,,,,,,,,,,,
16,W4386057088,A predictive mimicker for mechanical properties of eco-efficient and sustainable bricks incorporating waste glass using machine learning,Sikandar Ali Khokhar; Adil Khan; A. B. Siddique; Rao Arsalan Khushnood; Umair Jalil Malik,2023,Case Studies in Construction Materials,article,11,10.1016/j.cscm.2023.e02424,https://doi.org/10.1016/j.cscm.2023.e02424,,,,,,,,,,,,,
16,W4220764804,Product Processing Quality Classification Model for Small-Sample and Imbalanced Data Environment,Feixiang Liu; Yiru Dai,2022,Computational Intelligence and Neuroscience,article,10,10.1155/2022/9024165,https://doi.org/10.1155/2022/9024165,https://downloads.hindawi.com/journals/cin/2022/9024165.pdf,,,,,,,,,,,,
16,W4320031310,Creating Synthetic Volatility Surfaces using Generative Adversarial Networks with Static Arbitrage Loss Conditions,Thendo Sidogi; Wilson Tsakane Mongwe; Rendani Mbuvha; Tshilidzi Marwala,2022,2022 IEEE Symposium Series on Computational Intelligence (SSCI),conference-paper,10,10.1109/ssci51031.2022.10022219,https://doi.org/10.1109/ssci51031.2022.10022219,,,,,,,,,,,,,
16,W4200151313,Detecting Cognitive Impairment Status Using Keystroke Patterns and Physical Activity Data among the Older Adults: A Machine Learning Approach,Mohammad Nahid Hossain; Mohammad Helal Uddin; Keshav Thapa; Zubaer Md. Abdullah Al; Md Shafiqul Islam; Jiyun Lee; JongSu Park; Sung‐Hyun Yang,2021,Journal of Healthcare Engineering,article,9,10.1155/2021/1302989,https://doi.org/10.1155/2021/1302989,https://downloads.hindawi.com/journals/jhe/2021/1302989.pdf,,,,,,,,,,,,
16,W4295954024,GenEthos: A Synthetic Data Generation System With Bias Detection And Mitigation,Shubham Gujar; Tanishka Shah; Dewen Honawale; Vedant Bhosale; Faizan M. Khan; Devika Verma; Rakesh Ranjan,2022,"2022 International Conference on Computing, Communication, Security and Intelligent Systems (IC3SIS)",conference-paper,9,10.1109/ic3sis54991.2022.9885653,https://doi.org/10.1109/ic3sis54991.2022.9885653,,,,,,,,,,,,,
16,W4313329021,Generating Time-Series Data Using Generative Adversarial Networks for Mobility Demand Prediction,Subhajit Chatterjee; Yung-Cheol Byun,2022,"Computers, materials & continua/Computers, materials & continua (Print)",article,9,10.32604/cmc.2023.032843,https://doi.org/10.32604/cmc.2023.032843,https://file.techscience.com/files/cmc/2023/TSP_CMC-74-3/TSP_CMC_32843/TSP_CMC_32843.pdf,,,,,,,,,,,,
16,W4313408214,A New Global Measure to Simultaneously Evaluate Data Utility and Privacy Risk,DongHoon Jeong; Joseph H.T. Kim; Jongho Im,2022,IEEE Transactions on Information Forensics and Security,article,9,10.1109/tifs.2022.3228753,https://doi.org/10.1109/tifs.2022.3228753,,,,,,,,,,,,,
16,W4320024279,DBNex: Deep Belief Network and Explainable AI based Financial Fraud Detection,Abhimanyu Bhowmik; Madhushree Sannigrahi; Deepraj Chowdhury; Ashutosh Dhar Dwivedi; Raghava Rao Mukkamala,2022,2022 IEEE International Conference on Big Data (Big Data),conference-paper,9,10.1109/bigdata55660.2022.10020494,https://doi.org/10.1109/bigdata55660.2022.10020494,,,,,,,,,,,,,
16,W4399612761,UTILIZING MACHINE LEARNING TO ASSESS DATA COLLECTION METHODS IN MANUFACTURING AND MECHANICAL ENGINEERING,Md Aliahsan Bappy; Manam Ahmed,2024,"Academic journal on science, technology, engineering & mathematics education.",article,7,10.69593/ajsteme.v4i02.73,https://doi.org/10.69593/ajsteme.v4i02.73,,,,,,,,,,,,,
16,W4402263953,From Principle to Practice: Vertical Data Minimization for Machine Learning,Robin Staab; Nikola Jovanović; Mislav Balunović; Martin Vechev,2024,,conference-paper,7,10.1109/sp54263.2024.00089,https://doi.org/10.1109/sp54263.2024.00089,,,,,,,,,,,,,
16,W4394819277,Prediction of displacement of composite slab with profiled steel deck using artificial neural network,S. Karthiga; N. Umamaheswari,2024,Asian Journal of Civil Engineering,article,6,10.1007/s42107-024-01040-w,https://doi.org/10.1007/s42107-024-01040-w,,,,,,,,,,,,,
16,W4401067762,One-step Gibbs sampling for the generation of synthetic households,Marija Kukic; Xinling Li; Michel Bierlaire,2024,Transportation Research Part C Emerging Technologies,article,6,10.1016/j.trc.2024.104770,https://doi.org/10.1016/j.trc.2024.104770,,,,,,,,,,,,,
16,W4309345810,A novel hybrid sampling method based on CWGAN for extremely imbalanced backorder prediction,Haoyue Liu; Qing Liu; Min Liu,2022,"2022 IEEE International Conference on Systems, Man, and Cybernetics (SMC)",conference-paper,5,10.1109/smc53654.2022.9945161,https://doi.org/10.1109/smc53654.2022.9945161,,,,,,,,,,,,,
16,W4399119257,GPU optimization techniques to accelerate optiGAN—a particle simulation GAN,Anirudh Srikanth; Carlotta Trigila; Emilie Roncali,2024,Machine Learning Science and Technology,article,5,10.1088/2632-2153/ad51c9,https://doi.org/10.1088/2632-2153/ad51c9,https://iopscience.iop.org/article/10.1088/2632-2153/ad51c9/pdf,,,,,,,,,,,,
16,W4410062480,ASAS-NANP SYMPOSIUM: MATHEMATICAL MODELING IN ANIMAL NUTRITION: Synthetic Database Generation for Non-Normal Multivariate Distributions: A Rank-Based Method with Application to Ruminant Methane Emissions,Luís O Tedeschi,2025,Journal of Animal Science,article,5,10.1093/jas/skaf136,https://doi.org/10.1093/jas/skaf136,https://academic.oup.com/jas/advance-article-pdf/doi/10.1093/jas/skaf136/63051811/skaf136.pdf,,,,,,,,,,,,
16,W4396599335,Relative Frequency-Rank Encoding for Unsupervised Network Anomaly Detection,Minsong Kim; Woo‐Hyuk Jang; Junnyung Hur; MyungKeun Yoon,2024,IEEE/ACM Transactions on Networking,article,4,10.1109/tnet.2024.3391396,https://doi.org/10.1109/tnet.2024.3391396,,,,,,,,,,,,,
16,W4403934411,Generating Manufacturing Distributions for Sampling-based Tolerance Analysis using Deep Learning Models,Paul Schaechtl; Martin Roth; Julian Bräu; Stefan Goetz; Benjamin Schleich; Sandro Wartzack,2024,Procedia CIRP,article,4,10.1016/j.procir.2024.10.019,https://doi.org/10.1016/j.procir.2024.10.019,,,,,,,,,,,,,
16,W4406386001,Mitigating Regression Faults Induced by Feature Evolution in Deep Learning Systems,Hanmo You; Zan Wang; Xuyang Chen; Junjie Chen; Jun Sun; Shuang Liu; Zishuo Dong,2025,ACM Transactions on Software Engineering and Methodology,article,4,10.1145/3712199,https://doi.org/10.1145/3712199,,,,,,,,,,,,,
16,W4403274037,On the causality-preservation capabilities of generative modelling,Yves-Cédric Bauwelinckx; Jan Dhaene; Milan van den Heuvel; Tim Verdonck,2024,Journal of Computational and Applied Mathematics,article,3,10.1016/j.cam.2024.116312,https://doi.org/10.1016/j.cam.2024.116312,,,,,,,,,,,,,
16,W4406379937,<b>Navigating Tabular Data Synthesis Research</b> Understanding User Needs and Tool Capabilities,Maria F. Davila R; Sven Groen; Fabian Panse; Wolfram Wingerath,2025,ACM SIGMOD Record,article,3,10.1145/3712311.3712315,https://doi.org/10.1145/3712311.3712315,https://dl.acm.org/doi/pdf/10.1145/3712311.3712315,,,,,,,,,,,,
16,W4394000788,Improving Classification Performance on Imbalanced Medical Data using Generative Adversarial Network,Siska Rahmadani; Agus Subekti; Muhammad Haris,2024,Jurnal Ilmu Komputer dan Informasi,article,2,10.21609/jiki.v17i1.1177,https://doi.org/10.21609/jiki.v17i1.1177,https://jiki.cs.ui.ac.id/index.php/jiki/article/download/1177/499,,,,,,,,,,,,
16,W4411038277,Reaction Profile Forecasting by Artificial Data Generation for Wittig-Type Geminal Bromofluoroolefination,Ha Eun Kim; Ha Eun Kim; Jaeseong Jin; Hyun Woo Kim; Hyun Woo Kim; Won‐jin Chung,2025,Organic Letters,article,2,10.1021/acs.orglett.5c01196,https://doi.org/10.1021/acs.orglett.5c01196,,,,,,,,,,,,,
16,W4414442022,A generative adversarial network enhanced ensemble learning-based prediction model for moment improvement effect of UHPC strengthened damaged RC beams,Woubishet Zewdu Taffese; Nima Khodadadi; Yanping Zhu; Seyedali Mirjalili; Antonio Nanni,2025,Case Studies in Construction Materials,article,2,10.1016/j.cscm.2025.e05323,https://doi.org/10.1016/j.cscm.2025.e05323,,,,,,,,,,,,,
16,W3132156203,TGANs with Machine Learning Models in Automobile Insurance Fraud Detection and Comparative Study with Other Data Imbalance Techniques,Rohan Yashraj Gupta; Satya Sai Mudigonda; Pallav Kumar Baruah,2021,International Journal of Recent Technology and Engineering (IJRTE),article,9,10.35940/ijrte.e5277.019521,https://doi.org/10.35940/ijrte.e5277.019521,https://doi.org/10.35940/ijrte.e5277.019521,,,,,,,,,,,,
16,W4210626181,Towards Addressing the Spatial Sparsity of MDT Reports to Enable Zero Touch Network Automation,Joel Shodamola; Haneya Naeem Qureshi; Usama Masood; Ali Imran,2021,2021 IEEE Global Communications Conference (GLOBECOM),conference-paper,7,10.1109/globecom46510.2021.9686011,https://doi.org/10.1109/globecom46510.2021.9686011,,,,,,,,,,,,,
16,W4289533798,Synthesizing Privacy Preserving Entity Resolution Datasets,Xuedi Qinl; Chengliang Chai; Nan Tang; Jian Li; Yuyu Luo; Guoliang Li; Yaoyu Zhu,2022,2022 IEEE 38th International Conference on Data Engineering (ICDE),conference-paper,7,10.1109/icde53745.2022.00222,https://doi.org/10.1109/icde53745.2022.00222,,,,,,,,,,,,,
16,W3095004927,Tabular Transformers for Modeling Multivariate Time Series,Inkit Padhi; Yair Schiff; Igor Melnyk; Mattia Rigotti; Youssef Mroueh; Pierre Dognin; Jerret Ross; Ravi Nair; Erik Altman,2021,,conference-paper,6,10.1109/icassp39728.2021.9414142,https://doi.org/10.1109/icassp39728.2021.9414142,,,,,,,,,,,,,
16,W4360765800,Security-Alert Screening with Oversampling Based on Conditional Generative Adversarial Networks,Samuel Ndichu; Tao Ban; Takeshi Takahashi; Daisuke Inoue,2022,,conference-paper,6,10.1109/asiajcis57030.2022.00011,https://doi.org/10.1109/asiajcis57030.2022.00011,,,,,,,,,,,,,
16,W4318185151,OOG- Optuna Optimized GAN Sampling Technique for Tabular Imbalanced Malware Data,S. M Towhidul Islam Tonmoy; S M Mehedi Zaman,2022,2022 IEEE International Conference on Big Data (Big Data),conference-paper,5,10.1109/bigdata55660.2022.10020393,http://dx.doi.org/10.1109/bigdata55660.2022.10020393,,,,,,,,,,,,,
16,W4385485246,Towards data generation to alleviate privacy concerns for cybersecurity applications,Dhiraj Ganji; Chandranil Chakraborttii,2023,,conference-paper,5,10.1109/compsac57700.2023.00222,http://dx.doi.org/10.1109/compsac57700.2023.00222,,,,,,,,,,,,,
16,W4388115905,Change Management using Generative Modeling on Digital Twins,Nilanjana Das; Anantaa Kotal; Daniel Roseberry; Anupam Joshi,2023,,conference-paper,5,10.1109/isi58743.2023.10297181,http://dx.doi.org/10.1109/isi58743.2023.10297181,,,,,,,,,,,,,
16,W3096599084,Generating High-fidelity Cybersecurity Data With Generative Adversarial Networks,Joie Le; Arun Viswanathan; Yuening Zhang,2020,ASCEND 2020,conference-paper,4,10.2514/6.2020-4117,https://doi.org/10.2514/6.2020-4117,,,,,,,,,,,,,
16,W4403511452,Synthetic Data Generation and Automated Multidimensional Data Labeling for AI/ML in General and Circular Coordinates,Alice Williams; Boris Kovalerchuk,2024,,conference-paper,4,10.1109/iv64223.2024.00054,https://doi.org/10.1109/iv64223.2024.00054,,,,,,,,,,,,,
16,W4382241054,Trend-Aware Data Imputation Based on Generative Adversarial Network for Time Series,Han Li; Zhenxiong Liu; Jixiang Niu; Zhongguo Yang; Sikandar Ali,2023,International Journal of Information Technologies and Systems Approach,article,3,10.4018/ijitsa.325212,http://dx.doi.org/10.4018/ijitsa.325212,https://www.igi-global.com/ViewTitle.aspx?TitleId=325212&isxn=9781668489529,,,,,,,,,,,,
16,W4392188791,Tabular Generative Adversarial Networks (TabGANs) for Flood Forecasting from Meteorological data,Tasnim Ullah Shakib; Ellora Yasi; Tariq Hasan Rizu; Nusrat Sharmin,2023,,conference-paper,3,10.1109/iccit60459.2023.10441391,http://dx.doi.org/10.1109/iccit60459.2023.10441391,,,,,,,,,,,,,
16,W4316012189,Comparative Analysis of Machine Learning Algorithms using GANs through Credit Card Fraud Detection,Emilija Strelcenia; Simant Prakoonwit,2022,,conference-paper,2,10.1109/contesa57046.2022.10011268,https://doi.org/10.1109/contesa57046.2022.10011268,,,,,,,,,,,,,
16,W4383899825,Research on Rust Damage Diagnosis Method for Street Light Poles Based on WAESN and CT-IAOA-LightGBM,Nengfei Yang; Yin Wu; Wenbo Liu,2023,IEEE Sensors Journal,article,1,10.1109/jsen.2023.3292370,http://dx.doi.org/10.1109/jsen.2023.3292370,,,,,,,,,,,,,
16,W4401806706,Synthesizing Feature-Aligned and Category-Aware Electronic Medical Records for Intracranial Aneurysm Rupture Prediction,Qian Yang; Caizi Li; Chubin Ou; Kang Li; Xiangyun Liao; Chuanzhi Duan; Lequan Yu; Weixin Si,2024,IEEE Journal of Biomedical and Health Informatics,article,1,10.1109/jbhi.2024.3448459,https://doi.org/10.1109/jbhi.2024.3448459,,,,,,,,,,,,,
16,W4413801217,Predictive models for the axial capacity of NSM- and hybrid FRP-strengthened RC columns using ensemble learning optimized by metaheuristic algorithms,Solmaz Afzali; Seyed Ali Eftekhar Afzali; Mohsen Ali Shayanfar; Mohammad Ghanooni-Bagha; Mostafa Afzali,2025,Case Studies in Construction Materials,article,1,10.1016/j.cscm.2025.e05167,https://doi.org/10.1016/j.cscm.2025.e05167,,,,,,,,,,,,,
16,W3184979921,Using Generative Adversarial Networks for Handling Class Imbalance Problem,Mürüvvet Aslı Aydin,2021,,conference-paper,8,10.1109/siu53274.2021.9477939,https://doi.org/10.1109/siu53274.2021.9477939,,,,,,,,,,,,,
16,W4308083591,Evaluation of Synthetic Data Generating Methods in Down Syndrome Prediction During the First Trimester Screening in Vietnam,Trung Kien Tran; Chi Thanh Nguyen; Nhu Hai Phung; Thi Thu Hang Truong; Danh Cuong Tran; Thi Trang Nguyen; Thi Minh Phuong Le,2022,,conference-paper,3,10.1109/mapr56351.2022.9924885,https://doi.org/10.1109/mapr56351.2022.9924885,,,,,,,,,,,,,
16,W3208640373,Poster Abstract: Towards Class-Balancing Human Comfort Datasets with GANs,Matías Quintana; Clayton Miller,2021,,article,2,,https://scholarbank.nus.edu.sg/handle/10635/189461,,,,,,,,,,,,,
16,W4308874118,Study on the Moisture Content Diagnosis Method of Living Trees Based on WASN and CTWGAN-GP-L,Yin Wu; Nengfei Yang; Yanyi Liu,2022,Forests,article,2,10.3390/f13111879,https://doi.org/10.3390/f13111879,https://www.mdpi.com/1999-4907/13/11/1879/pdf?version=1668001451,,,,,,,,,,,,
16,W4399283360,Beyond Noise: Incorporating Pre-Trained Contractive Autoencoders for Enhanced GAN-based Tabular Data Creation,Hesam Fallahian; Mohsen Dorodchi; Kyle Kreth,2024,,conference-paper,2,10.1109/icict62343.2024.00026,https://doi.org/10.1109/icict62343.2024.00026,,,,,,,,,,,,,
17,W4401855976,Predicting blood transfusions for coronary artery bypass graft patients using deep neural networks and synthetic data,H.S. Tsai; Jichong Wu; Puneet Gupta; Eric Heinz; Amir Homayoun Jafari‬,2024,Neural Computing and Applications,article,2,10.1007/s00521-024-10309-9,https://doi.org/10.1007/s00521-024-10309-9,,,,,,,,,,,,,
17,W4409659435,Data Synthesis Reinvented: Preserving Missing Patterns for Enhanced Analysis,Xinyue Wang; Hafiz Asif; Shashank Gupta; Jaideep Vaidya,2025,IEEE Transactions on Knowledge and Data Engineering,article,2,10.1109/tkde.2025.3563319,https://doi.org/10.1109/tkde.2025.3563319,,,,,,,,,,,,,
17,W4311926238,Topology for Preserving Feature Correlation in Tabular Synthetic Data,Murshedul Arifeen; Andrei Petrovski,2022,,conference-paper,2,10.1109/sin56466.2022.9970505,https://doi.org/10.1109/sin56466.2022.9970505,,,,,,,,,,,,,
17,W4384835294,BAMTGAN: A Balanced Augmentation Technique for Tabular Data,Jueun Jeong; Hanseok Jeong; Hanjoon Kim,2023,,conference-paper,2,10.1109/icasi57738.2023.10179533,http://dx.doi.org/10.1109/icasi57738.2023.10179533,,,,,,,,,,,,,
17,W4313269828,Generative Adversarial Network for Data Augmentation in Photonic-based Microwave Frequency Measurement,Md. Asaduzzaman Jabin; Qidi Liu; Mable P. Fok,2022,,conference-paper,1,10.1109/mwp54208.2022.9997615,https://doi.org/10.1109/mwp54208.2022.9997615,,,,,,,,,,,,,
17,W4385484677,FraudAmmo: Large Scale Synthetic Transactional Dataset for Payment Fraud Detection,Karthikeswaren Ramachandran; Kanishka Kayathwal; Hardik Wadhwa; Gaurav Dhama,2023,,conference-paper,1,10.1109/ijcnn54540.2023.10191990,http://dx.doi.org/10.1109/ijcnn54540.2023.10191990,,,,,,,,,,,,,
17,W4386933273,Automated analysis and design for recycled aggregate reinforced concrete beams,Eman Saleh; Yasmin Murad; Ahmad Tarawneh; Abdullah Alghossoon; Ghassan Almasabha,2023,Structural Concrete,article,1,10.1002/suco.202300354,https://doi.org/10.1002/suco.202300354,,,,,,,,,,,,,
17,W4401879060,Boundary-Guided Black-Box Fairness Testing,Ziqiang Yin; Wentian Zhao; Tian Song,2024,,conference-paper,1,10.1109/compsac61105.2024.00163,https://doi.org/10.1109/compsac61105.2024.00163,,,,,,,,,,,,,
17,W4406458747,TabularFM: An Open Framework For Tabular Foundational Models,Quan M. Tran; Suong N. Hoang; Lam M. Nguyen; Dzung T. Phan; Hoang Thanh Lam,2024,,conference-paper,1,10.1109/bigdata62323.2024.10826064,https://doi.org/10.1109/bigdata62323.2024.10826064,,,,,,,,,,,,,
17,W4366967898,Family Classification of Malicious Applications using Hybrid Analysis and Computationally Economical Machine Learning Techniques,Pushkar Kishore; Swadhin Kumar Barisal; Durga Prasad Mohapatra,2022,,conference-paper,2,10.1109/wi-iat55865.2022.00072,http://dx.doi.org/10.1109/wi-iat55865.2022.00072,,,,,,,,,,,,,
17,W4382318719,Redactor: A Data-Centric and Individualized Defense against Inference Attacks,Geon Heo; Steven Euijong Whang,2023,Proceedings of the AAAI Conference on Artificial Intelligence,conference-paper,2,10.1609/aaai.v37i12.26737,https://doi.org/10.1609/aaai.v37i12.26737,https://ojs.aaai.org/index.php/AAAI/article/download/26737/26509,,,,,,,,,,,,
17,W4205278713,Analysis of Emotions using EEG Data and Machine Learning,V. V. Potekhin; Ogul Unal,2021,Annals of DAAAM for ... & proceedings of the ... International DAAAM Symposium,book-chapter,1,10.2507/32nd.daaam.proceedings.025,https://doi.org/10.2507/32nd.daaam.proceedings.025,https://doi.org/10.2507/32nd.daaam.proceedings.025,,,,,,,,,,,,
17,W4225755197,AlphaQO: Robust Learned Query Optimizer,X. D. Yu; Chengliang Chai; Xinning Zhang; Nan Tang; Ji Sun; Guoliang Li,2022,International Journal of Software and Informatics,article,1,10.21655/ijsi.1673-7288.00275,https://doi.org/10.21655/ijsi.1673-7288.00275,http://www.ijsi.org/ijsi/article/pdf/275,,,,,,,,,,,,
17,W4382237630,Investigation of the Security of ML-models in IoT Networks from Adversarial Attacks,Denis Parfenov; Lyubov Grishina; Leonid Legashev; Artur Yu. Zhigalov; Anton Parfenov,2023,,conference-paper,1,10.1109/usbereit58508.2023.10158812,http://dx.doi.org/10.1109/usbereit58508.2023.10158812,,,,,,,,,,,,,
17,W4391929726,Synthesizing Microbiome-Disease Association Data using GANs,Anushka Naik; Ishan Patwardhan; Amit Joshi,2023,,conference-paper,1,10.1109/icacic59454.2023.10435071,http://dx.doi.org/10.1109/icacic59454.2023.10435071,,,,,,,,,,,,,
17,W3000165821,MORPHER - A Platform to Support Modeling of Outcome and Risk Prediction in Health Research,Harry Freitas da Cruz; Benjamin Bergner; Orhan Konak; Frédéric Schneider; Philipp Bode; Conrad Lempert; Matthieu-P. Schapranow,2019,,conference-paper,1,10.1109/bibe.2019.00090,https://doi.org/10.1109/bibe.2019.00090,,,,,,,,,,,,,
17,W3107001518,When Machine Learning Meets Privacy: A Survey and Outlook,Bo Liu; Ming Ding; Sina Shaham; Wenny Rahayu; Farhad Farokhi; Zihuai Lin,2020,arXiv (Cornell University),preprint,97,10.48550/arxiv.2011.11819,http://arxiv.org/abs/2011.11819,https://arxiv.org/pdf/2011.11819,,,,,,,,,,,,
17,W3131853394,CTAB-GAN: Effective Table Data Synthesizing,Zilong Zhao; Aditya Kunar; Hiek Van der Scheer; Robert Birke; Lydia Y. Chen,2021,arXiv (Cornell University),preprint,64,10.48550/arxiv.2102.08369,http://arxiv.org/abs/2102.08369,https://arxiv.org/pdf/2102.08369,,,,,,,,,,,,
17,W3080575631,PermuteAttack: Counterfactual Explanation of Machine Learning Credit Scorecards,Masoud Hashemi; Ali Fathi,2020,arXiv (Cornell University),preprint,31,10.48550/arxiv.2008.10138,http://arxiv.org/abs/2008.10138,https://arxiv.org/pdf/2008.10138,,,,,,,,,,,,
17,W2934600230,Improving Missing Data Imputation with Deep Generative Models,Ramiro Daniel Camino; Christian Hammerschmidt; Radu State,2019,arXiv (Cornell University),preprint,18,10.48550/arxiv.1902.10666,http://arxiv.org/abs/1902.10666,https://arxiv.org/pdf/1902.10666,,,,,,,,,,,,
17,W3161443135,Black-Box Model Risk in Finance,Samuel N. Cohen; Derek Snow; Łukasz Szpruch,2021,SSRN Electronic Journal,preprint,14,10.2139/ssrn.3782412,https://doi.org/10.2139/ssrn.3782412,,,,,,,,,,,,,
17,W3022996296,Transfer Learning for Thermal Comfort Prediction in Multiple Cities,Nan Gao; Wei Shao; Mohammad Saiedur Rahaman; Jun Zhai; Klaus David; Flora D. Salim,2020,arXiv (Cornell University),preprint,11,10.48550/arxiv.2004.14382,http://arxiv.org/abs/2004.14382,https://arxiv.org/pdf/2004.14382,,,,,,,,,,,,
17,W3074412119,DECE: Decision Explorer with Counterfactual Explanations for Machine Learning Models,Furui Cheng; Yao Ming; Huamin Qu,2020,arXiv (Cornell University),preprint,11,10.48550/arxiv.2008.08353,http://arxiv.org/abs/2008.08353,https://arxiv.org/pdf/2008.08353,,,,,,,,,,,,
17,W4379744631,A Predictive Mimicker for Mechanical Properties of Eco-Efficient and Sustainable Bricks Incorporating Waste Glass Using Machine Learning,Adil Khan; Sikandar Ali Khokhar; Ali Siddique; Rao Arsalan Khushnood,2023,SSRN Electronic Journal,preprint,5,10.2139/ssrn.4471701,http://dx.doi.org/10.2139/ssrn.4471701,,,,,,,,,,,,,
17,W4387517159,C3-TGAN- Controllable Tabular Data Synthesis with Explicit Correlations and Property Constraints,Peiyi Han; Wen Xu; Lun Xin; Wanyu Lin; Jiahao Cao; Chuanyi Liu; Shaoming Duan; Haifeng Zhu,2023,,preprint,4,10.36227/techrxiv.24249643.v1,https://doi.org/10.36227/techrxiv.24249643.v1,https://www.techrxiv.org/articles/preprint/C3-TGAN-_Controllable_Tabular_Data_Synthesis_with_Explicit_Correlations_and_Property_Constraints/24249643/1/files/42569296.pdf,,,,,,,,,,,,
17,W3088658364,"Balancing thermal comfort datasets: We GAN, but should we?",Matías Quintana; Stefano Schiavon; Kwok Wai Tham; Clayton Miller,2020,arXiv (Cornell University),preprint,3,10.48550/arxiv.2009.13154,http://arxiv.org/abs/2009.13154,https://arxiv.org/pdf/2009.13154,,,,,,,,,,,,
17,W4320923797,Qualitative Data Augmentation for Performance Prediction in Vlsi Circuits,Prasha Srivastava; Pawan Kumar; Zia Abbas,2023,SSRN Electronic Journal,preprint,3,10.2139/ssrn.4359531,https://doi.org/10.2139/ssrn.4359531,,,,,,,,,,,,,
17,W3099131849,PC-GAIN: Pseudo-label Conditional Generative Adversarial Imputation Networks for Incomplete Data,Yufeng Wang; Dan Li; Xiang Li; Min Yang,2020,arXiv (Cornell University),preprint,2,10.48550/arxiv.2011.07770,http://arxiv.org/abs/2011.07770,https://arxiv.org/pdf/2011.07770,,,,,,,,,,,,
17,W4312048201,GAN-based Tabular Data Generator for Constructing Synopsis in Approximate Query Processing: Challenges and Solutions,Mohammadali Fallahian; Mohsen Dorodchi; Kyle Kreth,2022,arXiv (Cornell University),preprint,2,10.48550/arxiv.2212.09015,http://arxiv.org/abs/2212.09015,https://arxiv.org/pdf/2212.09015,,,,,,,,,,,,
17,W4403572232,<i>In silico</i> generation of synthetic cancer genomes using generative AI,Ander Díaz‐Navarro; Xindi Zhang; Wei Jiao; Bo Wang; Lincoln Stein,2024,bioRxiv (Cold Spring Harbor Laboratory),preprint,2,10.1101/2024.10.17.618896,https://doi.org/10.1101/2024.10.17.618896,,,,,,,,,,,,,
17,W4225848832,Improving Mixed Data Imputation Methods Using Generative Adversarial Networks,Wasif Ali Khan; Nazar Zaki; Amir Ahmad; Mohammad Mehedy Masud; Luqman Ali; Nasloon Ali; Luai A. Ahmed,2022,SSRN Electronic Journal,preprint,1,10.2139/ssrn.4069689,https://doi.org/10.2139/ssrn.4069689,,,,,,,,,,,,,
17,W4379387103,A Ranged-based Association Rule and GAN-based Hybrid Approach for Imbalanced Classification,Zahid Ahmed; Sufal Das,2023,Research Square,preprint,1,10.21203/rs.3.rs-3005678/v1,http://dx.doi.org/10.21203/rs.3.rs-3005678/v1,https://www.researchsquare.com/article/rs-3005678/latest.pdf,,,,,,,,,,,,
17,W4387521899,C3-TGAN- Controllable Tabular Data Synthesis with Explicit Correlations and Property Constraints,Peiyi Han; Wen Xu; Wanyu Lin; Jiahao Cao; Chuanyi Liu; Shaoming Duan; Haifeng Zhu,2023,,preprint,1,10.36227/techrxiv.24249643,http://dx.doi.org/10.36227/techrxiv.24249643,https://www.techrxiv.org/doi/pdf/10.36227/techrxiv.24249643.v1,,,,,,,,,,,,
17,W4390129643,Fs-Tgan: An Enhanced Approach for Internet of Things (Iot) Intrusion Detection System Based on Feature Selection and Tabular Generative Adversarial Network,Mohammed Chemmakha; Abdellah Chehri; Omar Habibi; Mohamed Lazaar; Rachid Saadane,2023,SSRN Electronic Journal,preprint,1,10.2139/ssrn.4673886,http://dx.doi.org/10.2139/ssrn.4673886,,,,,,,,,,,,,
17,W3049645952,The reinforcement learning-based multi-agent cooperative approach for the adaptive speed regulation on a metallurgical pickling line,A. V. Bogomolova; Kseniia Kingsep; Boris Voskresenskii,2020,arXiv (Cornell University),preprint,0,10.48550/arxiv.2008.06933,http://arxiv.org/abs/2008.06933,https://arxiv.org/pdf/2008.06933,,,,,,,,,,,,
17,W3090502573,imdpGAN: Generating Private and Specific Data with Generative Adversarial Networks,Saurabh Gupta; Arun Balaji Buduru; Ponnurangam Kumaraguru,2020,,conference-paper,0,10.1109/tps-isa50397.2020.00019,https://doi.org/10.1109/tps-isa50397.2020.00019,,,,,,,,,,,,,
17,W3128733840,Black-box model risk in finance,SN Cohen; Daniel Snow; Łukasz Szpruch,2021,arXiv (Cornell University),preprint,0,,https://arxiv.org/pdf/2102.04757.pdf,,,,,,,,,,,,,
17,W3164763736,ReStore - Neural Data Completion for Relational Databases,Benjamin Hilprecht; Carsten Binnig,2021,,conference-paper,0,10.1145/3448016.3457264,https://doi.org/10.1145/3448016.3457264,,,,,,,,,,,,,
17,W4225302966,A new global measure to simultaneously evaluate data utility and privacy risk,Dong‐Hoon Jeong; Joseph H.T. Kim; Jongho Im,2022,,preprint,0,10.36227/techrxiv.19686990,https://doi.org/10.36227/techrxiv.19686990,https://www.techrxiv.org/articles/preprint/A_new_global_measure_to_simultaneously_evaluate_data_utility_and_privacy_risk/19686990/1/files/34965888.pdf,,,,,,,,,,,,
17,W4225323770,A new global measure to simultaneously evaluate data utility and privacy risk,Dong‐Hoon Jeong; Joseph H.T. Kim; Jongho Im,2022,,preprint,0,10.36227/techrxiv.19686990.v1,https://doi.org/10.36227/techrxiv.19686990.v1,,,,,,,,,,,,,
17,W4323021531,Data Regeneration From Poisoned Datasets,Charvi Bannur; Chaitra Bhat; Ishita Bharadwaj; Kushagra Singh; Shrirang Ambaji Kulkarni,2022,,conference-paper,0,10.1109/icraie56454.2022.10054302,http://dx.doi.org/10.1109/icraie56454.2022.10054302,,,,,,,,,,,,,
17,W4377371836,Latent Imitator: Generating Natural Individual Discriminatory Instances for Black-Box Fairness Testing,Yisong Xiao; Aishan Liu; Tianlin Li; Xianglong Liu,2023,arXiv (Cornell University),preprint,0,10.48550/arxiv.2305.11602,http://arxiv.org/abs/2305.11602,https://arxiv.org/pdf/2305.11602,,,,,,,,,,,,
17,W4380302281,An Approach For Generating High Quality Structured Data,Yun-Fei Jia; Xinhuan Zhang,2023,,conference-paper,0,10.1109/cisce58541.2023.10142328,http://dx.doi.org/10.1109/cisce58541.2023.10142328,,,,,,,,,,,,,
17,W4384898798,The Effectiveness of Data Augmentation in Compressive Strength Prediction of Calcined Clay Cements Using Linear Regression Learning,Yassine El Khessaimi; Youssef El Hafiane; Agnès Smith; Karim Tamine; Samir Adly; Moulay A. Barkatou,2023,NanoWorld Journal,article,0,10.17756/nwj.2023-s2-054,http://dx.doi.org/10.17756/nwj.2023-s2-054,https://jnanoworld.com/?smd_process_download=1&download_id=4375,,,,,,,,,,,,
17,W4386764859,A Scoping Review of GAN-Generated Images Detection,Koh Say Kit; W. K. Wong; Ing Ming Chew; Filbert H. Juwono; Saaveethya Sivakumar,2023,,conference-paper,0,10.1109/icdate58146.2023.10248679,http://dx.doi.org/10.1109/icdate58146.2023.10248679,,,,,,,,,,,,,
17,W4388701116,One-Step Gibbs Sampling for the Generation of Synthetic Households,Marija Kukic; Xinling Li; Michel Bierlaire,2023,SSRN Electronic Journal,preprint,0,10.2139/ssrn.4633754,http://dx.doi.org/10.2139/ssrn.4633754,,,,,,,,,,,,,
17,W4389099569,Semantic Representation of Physical Activity Sensor Observations and Comparative Analysis of Real and Synthetic Datasets: A Proof-of-Concept-Study with MOX2-5 Sensor,Ayan Chatterjee; Martin Gerdes; Andreas Prinz; Michael A. Riegler; Santiago Martínez,2023,Research Square,preprint,0,10.21203/rs.3.rs-3525600/v1,http://dx.doi.org/10.21203/rs.3.rs-3525600/v1,https://www.researchsquare.com/article/rs-3525600/latest.pdf,,,,,,,,,,,,
17,W4389115979,Privacy-Preserving Data Sharing in Agriculture: Enforcing Policy Rules for Secure and Confidential Data Synthesis,Anantaa Kotal; Lavanya Elluri; Deepti Gupta; Varun Mandalapu; Anupam Joshi,2023,arXiv (Cornell University),preprint,0,10.48550/arxiv.2311.15460,http://arxiv.org/abs/2311.15460,https://arxiv.org/pdf/2311.15460,,,,,,,,,,,,
17,W4390231154,Synthetic Generation of Geometallurgical Data Using Gan-Based Models,TIYANI CHAUKE; François K. Mulenga,2023,SSRN Electronic Journal,preprint,0,10.2139/ssrn.4675715,http://dx.doi.org/10.2139/ssrn.4675715,,,,,,,,,,,,,
17,W4390601317,Adversarial Machine Learning-Enabled Anonymization of OpenWiFi Data,Samhita Kuili; Kareem Dabbour; Irtiza Hasan; Andrea Herscovich; Burak Kantarcı; Marcel Chenier; Melike Erol‐Kantarci,2024,arXiv (Cornell University),preprint,0,10.48550/arxiv.2401.01542,http://arxiv.org/abs/2401.01542,https://arxiv.org/pdf/2401.01542,,,,,,,,,,,,
18,W4393252547,A Tabular Conditional Generative Adversarial Imputation Network for Vertical Federated Learning,Xin Liu; Chen Hongyu; Hangxuan He; Feng Chen; Ying Qian,2024,SSRN Electronic Journal,preprint,0,10.2139/ssrn.4775836,http://dx.doi.org/10.2139/ssrn.4775836,,,,,,,,,,,,,
18,W4393319426,Adversarial Machine-Learning-Enabled Anonymization of OpenWiFi Data,Samhita Kuili; Kareem Dabbour; Irtiza Hasan; Andrea Herscovich; Burak Kantarcı; Marcel Chenier; Melike Erol‐Kantarci,2024,Wireless World Research and Trends Magazine,article,0,10.13052/2794-7254.005,https://doi.org/10.13052/2794-7254.005,https://wireless-magazine.com/index.php/WWRT/article/download/23407/19567,,,,,,,,,,,,
18,W4394870404,Enhancing Bond Strength Prediction at Uhpc-Nc Interface: A Data-Driven Approach with Augmentation and Explainability,Tianyu Hu; Hong Zhang; Nima Khodadadi; Woubishet Zewdu Taffese; Antonio Nanni,2024,SSRN Electronic Journal,preprint,0,10.2139/ssrn.4796993,http://dx.doi.org/10.2139/ssrn.4796993,,,,,,,,,,,,,
18,W4399648209,,Md Aliahsan Bappy; Manam Ahmed,2024,"Academic journal on science, technology, engineering & mathematics education.",paratext,0,10.69593/ajsteme.v4i02,http://dx.doi.org/10.69593/ajsteme.v4i02,https://allacademicresearch.com/index.php/AJSTEME/article/download/73/68,,,,,,,,,,,,
18,W4399762246,Photonics and machine learning: a powerful partnership for sensing,Mable P. Fok; S. Binder; Md. Asaduzzaman Jabin,2024,,conference-paper,0,10.1117/12.3017195,http://dx.doi.org/10.1117/12.3017195,,,,,,,,,,,,,
18,W4401248830,Leveraging Synthetic Data to Advance Organizational Science,Pengda Wang; Andrew C. Loignon; Sirish Shrestha; George C. Banks; Fred Oswald,2024,,preprint,0,10.31234/osf.io/4qbjz,https://doi.org/10.31234/osf.io/4qbjz,https://osf.io/4qbjz/download,,,,,,,,,,,,
18,W4404171724,Research on Knowledge Graph and GAN Based Data Expansion Methods,Jingheng He; Gang Wang; Lingfei Kong; Chuang Huo; Yunpeng Gao; Ying Wang,2024,,conference-paper,0,10.1145/3697467.3697584,https://doi.org/10.1145/3697467.3697584,,,,,,,,,,,,,
18,W4405930260,PrivateCTGAN: Adapting GAN for Privacy-Aware Tabular Data Sharing,Frederico Lopes; C. Guedes Soares; Paulo Cortez,2024,Communications in computer and information science,conference-paper,0,10.1007/978-3-031-74627-7_12,https://doi.org/10.1007/978-3-031-74627-7_12,,,,,,,,,,,,,
18,W4409387082,Synthetic Data Generation for Book Recommendation Using Knowledge Graph Embedding,Shunji Suzuki; Hiroki Shibata; Yasufumi Takama,2025,Communications in computer and information science,conference-paper,0,10.1007/978-981-96-4589-3_22,https://doi.org/10.1007/978-981-96-4589-3_22,,,,,,,,,,,,,
18,W4410592788,Optimizing and Understanding amorphous SiN Thin Film Deposition for GaN-High-Electron-Mobility Transistors Using Machine Learning and Causal Discovery,Kenji Homma; Akito Maruo; Sotaro Kuribayashi; Hiroyuki Higuchi; Hideyuki Jippo; Atsushi Yamada; Toshihiro Ohki,2025,ACS Applied Electronic Materials,article,0,10.1021/acsaelm.5c00408,https://doi.org/10.1021/acsaelm.5c00408,,,,,,,,,,,,,
18,W4411700064,Generative Adversarial Networks for Longitudinal Data Imputation and Classification,Sharon Torao Pingi,2025,Queensland University of Technology,dissertation,0,10.5204/thesis.eprints.258292,https://doi.org/10.5204/thesis.eprints.258292,https://eprints.qut.edu.au/258292/1/Sharon%20Torao%20Pingi%20Thesis.pdf,,,,,,,,,,,,
18,W4412030470,Position Monitoring of Human Hands Using Cross-Slot Antennas and AI Integration for Hand Swing Activity Analysis,Shilpa Pavithran; Vineeta Vasudevan Nair; Aravind S; Elizabeth George; Alex James,2025,IEEE Journal of Selected Areas in Sensors,article,0,10.1109/jsas.2025.3586207,https://doi.org/10.1109/jsas.2025.3586207,,,,,,,,,,,,,
18,W7160335660,MetaSegan: generative AI-driven data augmentation with metaheuristic optimisation for employee turnover prediction,Vanathi Rajendran; Shang-Ping Lin,2026,Enterprise Information Systems,article,0,10.1080/17517575.2026.2659643,https://doi.org/10.1080/17517575.2026.2659643,,,,,,,,,,,,,
18,W4385484188,Federated learning for 5G base station traffic forecasting,Vasileios Perifanis; Nikolaos Pavlidis; Remous-Aris Koutsiamanis; Pavlos S. Efraimidis,2023,Computer Networks,article,68,10.1016/j.comnet.2023.109950,https://doi.org/10.1016/j.comnet.2023.109950,,,,,,,,,,,,,
18,W4400524872,IoTGemini: Modeling IoT Network Behaviors for Synthetic Traffic Generation,Ruoyu Li; Qing Li; Qingsong Zou; Dan Zhao; Xiangyi Zeng; Yucheng Huang; Yong Jiang; Feng Lyu; Gaston Ormazábal; Aman Singh; Henning Schulzrinne,2024,IEEE Transactions on Mobile Computing,article,20,10.1109/tmc.2024.3426600,https://doi.org/10.1109/tmc.2024.3426600,,,,,,,,,,,,,
18,W4408346425,FUELVISION: A multimodal data fusion and multimodel ensemble algorithm for wildfire fuels mapping,Riyaaz Uddien Shaik; Mohamad Alipour; Eric Rowell; Bharathan Balaji; Adam C. Watts; Ertuǧrul Taciroğlu,2025,International Journal of Applied Earth Observation and Geoinformation,article,8,10.1016/j.jag.2025.104436,https://doi.org/10.1016/j.jag.2025.104436,,,,,,,,,,,,,
18,W4401438235,Improving ED admissions forecasting by using generative AI: An approach based on DGAN,Hugo Álvarez-Chaves; Marco Spruit; María D. R‐Moreno,2024,Computer Methods and Programs in Biomedicine,article,4,10.1016/j.cmpb.2024.108363,https://doi.org/10.1016/j.cmpb.2024.108363,,,,,,,,,,,,,
18,W4403712953,Generative model-assisted sample selection for interest-driven progressive visual analytics,Jie Liu; Jie Li; Jielong Kuang,2024,Visual Informatics,article,1,10.1016/j.visinf.2024.10.004,https://doi.org/10.1016/j.visinf.2024.10.004,,,,,,,,,,,,,
18,W4393140861,Predicting Music Sentiment: A Comparative Analysis of Machine Learning Models Before and After Feature Selection,Kasim Suleyman Oner; Dželila Mehanović; Nedim Bandžović,2024,,conference-paper,1,10.1109/it61232.2024.10475772,https://doi.org/10.1109/it61232.2024.10475772,,,,,,,,,,,,,
18,W4376056970,Federated Learning for 5g Base Station Traffic Forecasting,Vasileios Perifanis; Nikolaos Pavlidis; Remous-Aris Koutsiamanis; Pavlos S. Efraimidis,2023,SSRN Electronic Journal,preprint,4,10.2139/ssrn.4442706,https://doi.org/10.2139/ssrn.4442706,,,,,,,,,,,,,
18,W4386621319,Evaluation is Key: A Survey on Evaluation Measures for Synthetic Time Series,Michael Stenger; Robert Leppich; Ian Foster; Samuel Kounev; André Bauer,2023,Research Square,preprint,2,10.21203/rs.3.rs-3331381/v1,http://dx.doi.org/10.21203/rs.3.rs-3331381/v1,https://www.researchsquare.com/article/rs-3331381/latest.pdf,,,,,,,,,,,,
18,W4393384470,On the evaluation of synthetic longitudinal electronic health records,Jim Achterberg; M. Haas; Marco Spruit,2024,Research Square,preprint,0,10.21203/rs.3.rs-4168638/v1,http://dx.doi.org/10.21203/rs.3.rs-4168638/v1,https://www.researchsquare.com/article/rs-4168638/latest.pdf,,,,,,,,,,,,
18,W4283008962,Measuring re-identification risk using a synthetic estimator to enable data sharing,Yangdi Jiang; Lucy Mosquera; Bei Jiang; Linglong Kong; Khaled El Emam,2022,PLoS ONE,article,24,10.1371/journal.pone.0269097,https://doi.org/10.1371/journal.pone.0269097,https://journals.plos.org/plosone/article/file?id=10.1371/journal.pone.0269097&type=printable,,,,,,,,,,,,
18,W3091741740,A Synergistic Approach for Deep Learning and Knowledge Engineered Solutions,Joshua Haley; Richard Pazda; Ross D. Hoehn; Robert E. Wray,2020,,conference-paper,0,10.22360/springsim.2020.ais.003,https://doi.org/10.22360/springsim.2020.ais.003,https://dl.acm.org/doi/pdf/10.5555/3408207.3408211,,,,,,,,,,,,
